area_0,area_1,area_2,time,iter 
7,13,19,0,1
7,13,19,1,1
8,15,25,2,1
10,17,27,3,1
12,22,33,4,1
13,26,45,5,1
16,31,50,6,1
17,41,63,7,1
18,50,72,8,1
24,55,78,9,1
29,59,87,10,1
32,63,103,11,1
36,67,114,12,1
40,75,131,13,1
47,82,149,14,1
52,91,171,15,1
50,84,177,16,1
55,93,187,17,1
56,103,210,18,1
58,117,237,19,1
63,131,265,20,1
63,140,290,21,1
64,155,314,22,1
68,164,336,23,1
68,180,369,24,1
70,194,393,25,1
69,201,411,26,1
69,215,444,27,1
71,221,457,28,1
71,229,480,29,1
68,230,496,30,1
69,232,508,31,1
69,236,523,32,1
73,241,531,33,1
69,228,530,34,1
71,221,521,35,1
72,219,522,36,1
68,212,513,37,1
65,208,506,38,1
68,200,490,39,1
66,187,475,40,1
64,183,461,41,1
55,173,436,42,1
62,164,417,43,1
63,151,398,44,1
63,142,377,45,1
60,137,353,46,1
64,125,339,47,1
58,121,313,48,1
56,119,300,49,1
56,117,277,50,1
45,110,252,51,1
39,98,234,52,1
33,89,212,53,1
26,79,193,54,1
21,74,178,55,1
15,66,165,56,1
12,60,154,57,1
8,52,141,58,1
1,44,127,59,1
-3,32,124,60,1
-5,25,118,61,1
-11,18,102,62,1
-17,12,94,63,1
-19,6,81,64,1
-22,-4,69,65,1
-22,-4,65,66,1
-22,-6,60,67,1
-22,-6,57,68,1
-22,-8,51,69,1
-22,-8,48,70,1
-22,-8,48,71,1
-22,-8,46,72,1
-22,-8,42,73,1
-22,-8,39,74,1
-22,-8,38,75,1
-22,-9,35,76,1
-22,-9,34,77,1
-22,-9,33,78,1
-22,-9,33,79,1
-22,-9,33,80,1
-22,-9,33,81,1
-22,-10,33,82,1
-22,-10,33,83,1
-22,-10,32,84,1
-22,-10,32,85,1
-22,-10,32,86,1
-22,-10,32,87,1
-22,-10,32,88,1
-22,-10,32,89,1
-22,-10,32,90,1
-22,-10,32,91,1
-22,-10,32,92,1
-22,-10,32,93,1
-22,-10,32,94,1
-22,-10,32,95,1
-22,-10,32,96,1
-22,-10,32,97,1
-22,-10,32,98,1
-22,-10,32,99,1
-22,-10,32,100,1
-22,-10,32,101,1
-22,-10,32,102,1
-22,-10,32,103,1
-22,-10,32,104,1
-22,-10,32,105,1
-22,-10,32,106,1
-22,-10,32,107,1
-22,-10,32,108,1
-22,-10,32,109,1
-22,-10,32,110,1
-22,-10,32,111,1
-22,-10,32,112,1
-22,-10,32,113,1
-22,-10,32,114,1
-22,-10,32,115,1
-22,-10,32,116,1
-22,-10,32,117,1
-22,-10,32,118,1
-22,-10,32,119,1
-22,-10,32,120,1
-22,-10,32,121,1
-22,-10,32,122,1
-22,-10,32,123,1
-22,-10,32,124,1
-22,-10,32,125,1
-22,-10,32,126,1
-22,-10,32,127,1
-22,-10,32,128,1
-22,-10,32,129,1
-22,-10,32,130,1
-22,-10,32,131,1
-22,-10,32,132,1
-22,-10,32,133,1
-22,-10,32,134,1
-22,-10,32,135,1
-22,-10,32,136,1
-22,-10,32,137,1
-22,-10,32,138,1
-22,-10,32,139,1
-22,-10,32,140,1
-22,-10,32,141,1
-22,-10,32,142,1
-22,-10,32,143,1
-22,-10,32,144,1
-22,-10,32,145,1
-22,-10,32,146,1
-22,-10,32,147,1
-22,-10,32,148,1
-22,-10,32,149,1
-22,-10,32,150,1
-22,-10,32,151,1
4,18,26,0,2
4,18,26,1,2
4,22,33,2,2
6,26,41,3,2
8,30,52,4,2
10,36,64,5,2
14,44,78,6,2
16,52,89,7,2
18,57,104,8,2
21,67,125,9,2
23,72,139,10,2
25,77,153,11,2
26,82,177,12,2
29,93,198,13,2
33,101,225,14,2
37,107,238,15,2
36,97,236,16,2
35,104,258,17,2
31,108,289,18,2
32,111,313,19,2
35,113,330,20,2
38,115,355,21,2
39,119,380,22,2
41,123,396,23,2
45,120,412,24,2
48,123,432,25,2
56,133,449,26,2
57,139,465,27,2
57,148,470,28,2
59,153,475,29,2
67,161,494,30,2
73,163,499,31,2
78,163,500,32,2
86,180,486,33,2
91,182,484,34,2
93,187,494,35,2
90,191,485,36,2
92,195,469,37,2
96,202,459,38,2
97,207,453,39,2
103,201,441,40,2
100,195,436,41,2
99,199,416,42,2
91,199,411,43,2
85,190,403,44,2
78,183,385,45,2
69,185,372,46,2
66,185,355,47,2
54,176,344,48,2
44,174,330,49,2
35,170,308,50,2
31,153,285,51,2
19,142,272,52,2
8,131,257,53,2
0,119,233,54,2
-5,110,216,55,2
-12,95,202,56,2
-15,80,188,57,2
-18,70,168,58,2
-24,61,156,59,2
-26,52,141,60,2
-30,40,129,61,2
-34,29,119,62,2
-35,18,107,63,2
-36,7,98,64,2
-39,-2,87,65,2
-39,-2,83,66,2
-39,-4,80,67,2
-39,-4,73,68,2
-39,-6,68,69,2
-39,-7,65,70,2
-39,-8,60,71,2
-39,-8,56,72,2
-39,-9,54,73,2
-39,-9,53,74,2
-39,-9,53,75,2
-39,-9,53,76,2
-39,-9,53,77,2
-39,-9,53,78,2
-39,-9,50,79,2
-39,-10,50,80,2
-39,-10,50,81,2
-39,-10,50,82,2
-39,-11,50,83,2
-39,-11,50,84,2
-39,-11,50,85,2
-39,-11,50,86,2
-39,-11,50,87,2
-39,-11,50,88,2
-39,-11,50,89,2
-39,-11,50,90,2
-39,-11,50,91,2
-39,-11,50,92,2
-39,-11,50,93,2
-39,-11,50,94,2
-39,-11,50,95,2
-39,-11,50,96,2
-39,-11,50,97,2
-39,-11,50,98,2
-39,-11,50,99,2
-39,-11,50,100,2
-39,-11,50,101,2
-39,-11,50,102,2
-39,-11,50,103,2
-39,-11,50,104,2
-39,-11,50,105,2
-39,-11,50,106,2
-39,-11,50,107,2
-39,-11,50,108,2
-39,-11,50,109,2
-39,-11,50,110,2
-39,-11,50,111,2
-39,-11,50,112,2
-39,-11,50,113,2
-39,-11,50,114,2
-39,-11,50,115,2
-39,-11,50,116,2
-39,-11,50,117,2
-39,-11,50,118,2
-39,-11,50,119,2
-39,-11,50,120,2
-39,-11,50,121,2
-39,-11,50,122,2
-39,-11,50,123,2
-39,-11,50,124,2
-39,-11,50,125,2
-39,-11,50,126,2
-39,-11,50,127,2
-39,-11,50,128,2
-39,-11,50,129,2
-39,-11,50,130,2
-39,-11,50,131,2
-39,-11,50,132,2
-39,-11,50,133,2
-39,-11,50,134,2
-39,-11,50,135,2
-39,-11,50,136,2
-39,-11,50,137,2
-39,-11,50,138,2
-39,-11,50,139,2
-39,-11,50,140,2
-39,-11,50,141,2
-39,-11,50,142,2
-39,-11,50,143,2
-39,-11,50,144,2
-39,-11,50,145,2
-39,-11,50,146,2
-39,-11,50,147,2
-39,-11,50,148,2
-39,-11,50,149,2
-39,-11,50,150,2
-39,-11,50,151,2
8,7,17,0,3
8,7,17,1,3
9,9,22,2,3
14,9,27,3,3
15,13,41,4,3
18,20,52,5,3
24,23,63,6,3
27,26,75,7,3
30,29,91,8,3
35,33,107,9,3
40,38,115,10,3
46,41,133,11,3
51,47,154,12,3
59,54,172,13,3
65,57,194,14,3
70,63,220,15,3
66,63,230,16,3
73,68,248,17,3
73,77,275,18,3
79,77,296,19,3
79,82,306,20,3
75,84,330,21,3
77,96,343,22,3
78,104,360,23,3
79,111,379,24,3
78,122,399,25,3
76,130,421,26,3
82,129,440,27,3
79,135,458,28,3
80,147,461,29,3
86,151,480,30,3
87,152,490,31,3
83,164,497,32,3
89,160,501,33,3
87,160,499,34,3
91,158,513,35,3
91,157,509,36,3
87,154,502,37,3
85,157,496,38,3
85,152,483,39,3
77,146,485,40,3
71,142,470,41,3
68,136,456,42,3
62,126,443,43,3
56,123,438,44,3
53,113,415,45,3
51,112,393,46,3
49,101,379,47,3
45,90,359,48,3
43,87,356,49,3
40,77,330,50,3
39,66,313,51,3
36,56,301,52,3
29,45,285,53,3
25,39,262,54,3
22,30,241,55,3
19,27,220,56,3
16,12,206,57,3
14,7,189,58,3
10,-4,172,59,3
0,-11,160,60,3
-6,-19,150,61,3
-14,-25,139,62,3
-19,-27,129,63,3
-23,-36,109,64,3
-24,-41,102,65,3
-24,-43,96,66,3
-24,-44,91,67,3
-24,-47,85,68,3
-24,-48,85,69,3
-24,-48,82,70,3
-24,-48,79,71,3
-24,-48,78,72,3
-24,-48,77,73,3
-24,-48,76,74,3
-24,-48,75,75,3
-24,-48,74,76,3
-24,-48,73,77,3
-24,-48,73,78,3
-24,-48,72,79,3
-24,-48,72,80,3
-24,-48,72,81,3
-24,-48,72,82,3
-24,-48,72,83,3
-24,-48,72,84,3
-24,-48,72,85,3
-24,-48,72,86,3
-24,-48,72,87,3
-24,-48,72,88,3
-24,-48,72,89,3
-24,-48,72,90,3
-24,-48,72,91,3
-24,-48,72,92,3
-24,-48,72,93,3
-24,-48,72,94,3
-24,-48,72,95,3
-24,-48,72,96,3
-24,-48,72,97,3
-24,-48,72,98,3
-24,-48,72,99,3
-24,-48,72,100,3
-24,-48,72,101,3
-24,-48,72,102,3
-24,-48,72,103,3
-24,-48,72,104,3
-24,-48,72,105,3
-24,-48,72,106,3
-24,-48,72,107,3
-24,-48,72,108,3
-24,-48,72,109,3
-24,-48,72,110,3
-24,-48,72,111,3
-24,-48,72,112,3
-24,-48,72,113,3
-24,-48,72,114,3
-24,-48,72,115,3
-24,-48,72,116,3
-24,-48,72,117,3
-24,-48,72,118,3
-24,-48,72,119,3
-24,-48,72,120,3
-24,-48,72,121,3
-24,-48,72,122,3
-24,-48,72,123,3
-24,-48,72,124,3
-24,-48,72,125,3
-24,-48,72,126,3
-24,-48,72,127,3
-24,-48,72,128,3
-24,-48,72,129,3
-24,-48,72,130,3
-24,-48,72,131,3
-24,-48,72,132,3
-24,-48,72,133,3
-24,-48,72,134,3
-24,-48,72,135,3
-24,-48,72,136,3
-24,-48,72,137,3
-24,-48,72,138,3
-24,-48,72,139,3
-24,-48,72,140,3
-24,-48,72,141,3
-24,-48,72,142,3
-24,-48,72,143,3
-24,-48,72,144,3
-24,-48,72,145,3
-24,-48,72,146,3
-24,-48,72,147,3
-24,-48,72,148,3
-24,-48,72,149,3
-24,-48,72,150,3
-24,-48,72,151,3
3,9,17,0,4
3,9,17,1,4
5,10,23,2,4
6,13,34,3,4
10,16,46,4,4
13,21,56,5,4
14,24,70,6,4
15,25,85,7,4
18,31,104,8,4
20,34,122,9,4
21,38,145,10,4
23,42,173,11,4
23,54,200,12,4
26,64,225,13,4
28,70,257,14,4
35,77,288,15,4
35,79,300,16,4
36,82,329,17,4
37,89,354,18,4
41,97,378,19,4
43,101,404,20,4
49,108,429,21,4
56,113,448,22,4
65,114,457,23,4
74,119,483,24,4
75,124,490,25,4
81,129,506,26,4
84,124,526,27,4
84,123,538,28,4
90,125,546,29,4
89,126,558,30,4
87,129,564,31,4
88,140,573,32,4
86,139,587,33,4
80,138,582,34,4
78,144,574,35,4
79,141,567,36,4
79,139,567,37,4
76,139,566,38,4
76,137,553,39,4
75,141,545,40,4
71,135,524,41,4
69,138,499,42,4
69,143,484,43,4
68,138,462,44,4
65,137,437,45,4
64,132,418,46,4
63,125,389,47,4
57,124,364,48,4
57,118,344,49,4
50,112,333,50,4
42,102,317,51,4
36,92,297,52,4
28,83,274,53,4
25,68,248,54,4
20,56,233,55,4
15,45,220,56,4
10,33,204,57,4
5,21,184,58,4
-2,14,170,59,4
-7,4,158,60,4
-11,-4,145,61,4
-13,-19,138,62,4
-18,-30,128,63,4
-24,-34,121,64,4
-29,-44,115,65,4
-29,-45,103,66,4
-29,-47,95,67,4
-29,-47,92,68,4
-29,-47,88,69,4
-29,-48,85,70,4
-29,-48,84,71,4
-29,-48,84,72,4
-29,-48,82,73,4
-29,-48,82,74,4
-30,-48,82,75,4
-30,-48,82,76,4
-30,-48,80,77,4
-30,-48,79,78,4
-30,-48,79,79,4
-30,-48,78,80,4
-30,-48,78,81,4
-30,-48,78,82,4
-30,-48,78,83,4
-30,-48,78,84,4
-30,-48,78,85,4
-30,-48,78,86,4
-30,-48,78,87,4
-30,-48,78,88,4
-30,-48,78,89,4
-30,-48,78,90,4
-30,-48,78,91,4
-30,-48,78,92,4
-30,-48,78,93,4
-30,-48,78,94,4
-30,-48,78,95,4
-30,-48,78,96,4
-30,-48,78,97,4
-30,-48,78,98,4
-30,-48,78,99,4
-30,-48,78,100,4
-30,-48,78,101,4
-30,-48,78,102,4
-30,-48,78,103,4
-30,-48,78,104,4
-30,-48,78,105,4
-30,-48,78,106,4
-30,-48,78,107,4
-30,-48,78,108,4
-30,-48,78,109,4
-30,-48,78,110,4
-30,-48,78,111,4
-30,-48,78,112,4
-30,-48,78,113,4
-30,-48,78,114,4
-30,-48,78,115,4
-30,-48,78,116,4
-30,-48,78,117,4
-30,-48,78,118,4
-30,-48,78,119,4
-30,-48,78,120,4
-30,-48,78,121,4
-30,-48,78,122,4
-30,-48,78,123,4
-30,-48,78,124,4
-30,-48,78,125,4
-30,-48,78,126,4
-30,-48,78,127,4
-30,-48,78,128,4
-30,-48,78,129,4
-30,-48,78,130,4
-30,-48,78,131,4
-30,-48,78,132,4
-30,-48,78,133,4
-30,-48,78,134,4
-30,-48,78,135,4
-30,-48,78,136,4
-30,-48,78,137,4
-30,-48,78,138,4
-30,-48,78,139,4
-30,-48,78,140,4
-30,-48,78,141,4
-30,-48,78,142,4
-30,-48,78,143,4
-30,-48,78,144,4
-30,-48,78,145,4
-30,-48,78,146,4
-30,-48,78,147,4
-30,-48,78,148,4
-30,-48,78,149,4
-30,-48,78,150,4
-30,-48,78,151,4
5,12,26,0,5
5,12,26,1,5
5,15,30,2,5
6,16,35,3,5
7,20,45,4,5
8,22,49,5,5
8,23,57,6,5
10,28,69,7,5
12,35,81,8,5
14,39,100,9,5
16,46,108,10,5
19,51,125,11,5
25,58,145,12,5
30,65,163,13,5
36,71,179,14,5
40,79,198,15,5
42,76,190,16,5
49,81,212,17,5
58,88,230,18,5
64,97,248,19,5
69,104,270,20,5
82,108,286,21,5
89,112,302,22,5
98,110,324,23,5
104,118,339,24,5
117,123,365,25,5
120,132,383,26,5
120,141,405,27,5
123,141,432,28,5
128,145,448,29,5
133,151,467,30,5
137,156,476,31,5
135,160,486,32,5
130,171,500,33,5
130,169,516,34,5
134,173,525,35,5
128,179,527,36,5
125,186,535,37,5
123,187,527,38,5
128,178,527,39,5
129,171,525,40,5
126,164,530,41,5
128,163,516,42,5
122,171,498,43,5
117,164,497,44,5
111,148,490,45,5
107,143,476,46,5
104,138,461,47,5
104,126,442,48,5
98,115,418,49,5
91,105,399,50,5
83,98,378,51,5
74,83,350,52,5
67,72,334,53,5
60,60,307,54,5
49,49,279,55,5
46,37,248,56,5
35,20,227,57,5
30,7,203,58,5
23,-3,180,59,5
18,-11,165,60,5
16,-22,151,61,5
7,-28,138,62,5
2,-36,121,63,5
1,-44,111,64,5
-2,-51,100,65,5
-2,-54,95,66,5
-2,-56,91,67,5
-2,-58,86,68,5
-2,-58,82,69,5
-2,-59,80,70,5
-2,-60,77,71,5
-2,-60,75,72,5
-2,-60,73,73,5
-2,-60,73,74,5
-3,-60,70,75,5
-3,-60,68,76,5
-3,-60,66,77,5
-3,-60,66,78,5
-3,-60,64,79,5
-3,-60,63,80,5
-3,-60,63,81,5
-3,-60,63,82,5
-3,-60,63,83,5
-3,-60,63,84,5
-3,-60,63,85,5
-3,-60,63,86,5
-3,-60,63,87,5
-3,-60,63,88,5
-3,-60,63,89,5
-3,-60,63,90,5
-3,-60,63,91,5
-3,-60,63,92,5
-3,-60,63,93,5
-3,-60,63,94,5
-3,-60,63,95,5
-3,-60,63,96,5
-3,-60,63,97,5
-3,-60,63,98,5
-3,-60,63,99,5
-3,-60,63,100,5
-3,-60,63,101,5
-3,-60,63,102,5
-3,-60,63,103,5
-3,-60,63,104,5
-3,-60,63,105,5
-3,-60,63,106,5
-3,-60,63,107,5
-3,-60,63,108,5
-3,-60,63,109,5
-3,-60,63,110,5
-3,-60,63,111,5
-3,-60,63,112,5
-3,-60,63,113,5
-3,-60,63,114,5
-3,-60,63,115,5
-3,-60,63,116,5
-3,-60,63,117,5
-3,-60,63,118,5
-3,-60,63,119,5
-3,-60,63,120,5
-3,-60,63,121,5
-3,-60,63,122,5
-3,-60,63,123,5
-3,-60,63,124,5
-3,-60,63,125,5
-3,-60,63,126,5
-3,-60,63,127,5
-3,-60,63,128,5
-3,-60,63,129,5
-3,-60,63,130,5
-3,-60,63,131,5
-3,-60,63,132,5
-3,-60,63,133,5
-3,-60,63,134,5
-3,-60,63,135,5
-3,-60,63,136,5
-3,-60,63,137,5
-3,-60,63,138,5
-3,-60,63,139,5
-3,-60,63,140,5
-3,-60,63,141,5
-3,-60,63,142,5
-3,-60,63,143,5
-3,-60,63,144,5
-3,-60,63,145,5
-3,-60,63,146,5
-3,-60,63,147,5
-3,-60,63,148,5
-3,-60,63,149,5
-3,-60,63,150,5
-3,-60,63,151,5
7,14,22,0,6
7,14,22,1,6
9,16,30,2,6
10,18,36,3,6
12,21,44,4,6
14,22,55,5,6
17,24,63,6,6
19,29,76,7,6
22,34,91,8,6
24,42,107,9,6
28,45,127,10,6
31,50,146,11,6
36,57,160,12,6
38,68,184,13,6
41,74,200,14,6
46,78,217,15,6
41,70,218,16,6
40,78,232,17,6
43,88,247,18,6
44,91,266,19,6
50,97,287,20,6
53,101,316,21,6
56,112,336,22,6
57,125,345,23,6
62,130,358,24,6
62,145,369,25,6
65,160,382,26,6
70,160,404,27,6
79,164,408,28,6
81,167,439,29,6
84,170,461,30,6
88,178,474,31,6
84,189,502,32,6
84,204,524,33,6
91,213,536,34,6
87,213,535,35,6
86,227,538,36,6
86,221,541,37,6
85,217,543,38,6
85,225,540,39,6
82,219,532,40,6
80,206,526,41,6
77,212,516,42,6
79,217,502,43,6
76,221,476,44,6
79,221,457,45,6
77,224,436,46,6
77,218,405,47,6
75,195,388,48,6
72,188,361,49,6
69,186,345,50,6
62,165,317,51,6
57,152,287,52,6
53,141,262,53,6
41,125,240,54,6
34,116,224,55,6
31,105,209,56,6
26,93,184,57,6
15,77,167,58,6
9,65,152,59,6
2,52,138,60,6
-7,37,126,61,6
-10,21,114,62,6
-11,12,92,63,6
-16,3,79,64,6
-20,-5,70,65,6
-20,-7,63,66,6
-21,-7,61,67,6
-21,-8,59,68,6
-21,-10,57,69,6
-21,-11,54,70,6
-21,-12,47,71,6
-21,-15,46,72,6
-22,-15,44,73,6
-22,-16,42,74,6
-22,-16,38,75,6
-22,-16,38,76,6
-22,-16,38,77,6
-22,-16,38,78,6
-22,-16,38,79,6
-22,-16,38,80,6
-22,-16,38,81,6
-22,-16,38,82,6
-22,-16,38,83,6
-22,-16,38,84,6
-22,-16,38,85,6
-22,-16,38,86,6
-22,-16,38,87,6
-22,-16,38,88,6
-22,-16,38,89,6
-22,-16,38,90,6
-22,-16,38,91,6
-22,-16,38,92,6
-22,-16,38,93,6
-22,-16,38,94,6
-22,-16,38,95,6
-22,-16,38,96,6
-22,-16,38,97,6
-22,-16,38,98,6
-22,-16,38,99,6
-22,-16,38,100,6
-22,-16,38,101,6
-22,-16,38,102,6
-22,-16,38,103,6
-22,-16,38,104,6
-22,-16,38,105,6
-22,-16,38,106,6
-22,-16,38,107,6
-22,-16,38,108,6
-22,-16,38,109,6
-22,-16,38,110,6
-22,-16,38,111,6
-22,-16,38,112,6
-22,-16,38,113,6
-22,-16,38,114,6
-22,-16,38,115,6
-22,-16,38,116,6
-22,-16,38,117,6
-22,-16,38,118,6
-22,-16,38,119,6
-22,-16,38,120,6
-22,-16,38,121,6
-22,-16,38,122,6
-22,-16,38,123,6
-22,-16,38,124,6
-22,-16,38,125,6
-22,-16,38,126,6
-22,-16,38,127,6
-22,-16,38,128,6
-22,-16,38,129,6
-22,-16,38,130,6
-22,-16,38,131,6
-22,-16,38,132,6
-22,-16,38,133,6
-22,-16,38,134,6
-22,-16,38,135,6
-22,-16,38,136,6
-22,-16,38,137,6
-22,-16,38,138,6
-22,-16,38,139,6
-22,-16,38,140,6
-22,-16,38,141,6
-22,-16,38,142,6
-22,-16,38,143,6
-22,-16,38,144,6
-22,-16,38,145,6
-22,-16,38,146,6
-22,-16,38,147,6
-22,-16,38,148,6
-22,-16,38,149,6
-22,-16,38,150,6
-22,-16,38,151,6
6,11,15,0,7
6,11,15,1,7
6,13,18,2,7
6,14,22,3,7
6,19,29,4,7
7,23,31,5,7
10,29,33,6,7
14,32,40,7,7
15,40,43,8,7
16,43,54,9,7
21,50,60,10,7
24,58,67,11,7
31,61,74,12,7
35,65,79,13,7
35,74,88,14,7
38,84,101,15,7
36,79,94,16,7
39,82,104,17,7
46,90,118,18,7
49,95,133,19,7
55,100,145,20,7
58,105,162,21,7
60,109,168,22,7
63,117,179,23,7
63,123,191,24,7
62,131,204,25,7
61,135,217,26,7
60,138,234,27,7
62,148,242,28,7
65,151,252,29,7
64,157,265,30,7
63,162,284,31,7
61,170,289,32,7
58,167,296,33,7
58,168,308,34,7
58,167,326,35,7
57,172,328,36,7
57,171,348,37,7
61,175,359,38,7
61,178,358,39,7
59,177,359,40,7
57,182,360,41,7
59,180,361,42,7
57,181,373,43,7
57,182,372,44,7
56,182,363,45,7
56,176,363,46,7
55,175,365,47,7
54,175,364,48,7
55,168,359,49,7
50,158,347,50,7
47,144,340,51,7
44,133,326,52,7
34,117,314,53,7
33,107,302,54,7
31,95,289,55,7
27,90,269,56,7
20,83,253,57,7
12,71,230,58,7
10,58,214,59,7
5,47,199,60,7
1,38,181,61,7
0,31,163,62,7
-5,24,144,63,7
-8,15,119,64,7
-10,12,107,65,7
-10,12,91,66,7
-10,8,79,67,7
-11,5,70,68,7
-11,5,59,69,7
-11,4,55,70,7
-11,0,50,71,7
-11,-1,44,72,7
-11,-1,43,73,7
-11,-1,40,74,7
-11,-1,38,75,7
-11,-1,34,76,7
-11,-3,31,77,7
-11,-3,30,78,7
-11,-3,30,79,7
-11,-4,28,80,7
-11,-5,28,81,7
-11,-5,27,82,7
-11,-5,25,83,7
-11,-5,24,84,7
-11,-5,20,85,7
-11,-5,20,86,7
-11,-5,20,87,7
-11,-5,20,88,7
-11,-5,20,89,7
-11,-5,19,90,7
-11,-5,19,91,7
-11,-5,18,92,7
-11,-5,17,93,7
-11,-5,17,94,7
-11,-5,17,95,7
-11,-5,16,96,7
-11,-5,16,97,7
-11,-5,16,98,7
-11,-5,16,99,7
-11,-5,16,100,7
-11,-5,16,101,7
-11,-5,16,102,7
-11,-5,16,103,7
-11,-5,16,104,7
-11,-5,16,105,7
-11,-5,16,106,7
-11,-5,16,107,7
-11,-5,16,108,7
-11,-5,16,109,7
-11,-5,16,110,7
-11,-5,16,111,7
-11,-5,16,112,7
-11,-5,16,113,7
-11,-5,16,114,7
-11,-5,16,115,7
-11,-5,16,116,7
-11,-5,16,117,7
-11,-5,16,118,7
-11,-5,16,119,7
-11,-5,16,120,7
-11,-5,16,121,7
-11,-5,16,122,7
-11,-5,16,123,7
-11,-5,16,124,7
-11,-5,16,125,7
-11,-5,16,126,7
-11,-5,16,127,7
-11,-5,16,128,7
-11,-5,16,129,7
-11,-5,16,130,7
-11,-5,16,131,7
-11,-5,16,132,7
-11,-5,16,133,7
-11,-5,16,134,7
-11,-5,16,135,7
-11,-5,16,136,7
-11,-5,16,137,7
-11,-5,16,138,7
-11,-5,16,139,7
-11,-5,16,140,7
-11,-5,16,141,7
-11,-5,16,142,7
-11,-5,16,143,7
-11,-5,16,144,7
-11,-5,16,145,7
-11,-5,16,146,7
-11,-5,16,147,7
-11,-5,16,148,7
-11,-5,16,149,7
-11,-5,16,150,7
-11,-5,16,151,7
6,10,11,0,8
6,10,11,1,8
9,11,16,2,8
11,12,19,3,8
13,16,25,4,8
15,23,29,5,8
17,25,37,6,8
21,30,49,7,8
23,35,56,8,8
26,37,64,9,8
31,43,74,10,8
34,45,94,11,8
40,50,111,12,8
41,52,130,13,8
44,54,151,14,8
47,61,178,15,8
48,58,192,16,8
47,61,215,17,8
50,62,236,18,8
51,65,261,19,8
51,65,291,20,8
50,71,313,21,8
49,72,340,22,8
50,78,360,23,8
52,81,385,24,8
53,85,411,25,8
60,89,437,26,8
69,99,441,27,8
76,108,450,28,8
84,119,465,29,8
89,121,467,30,8
95,123,471,31,8
102,131,471,32,8
103,137,474,33,8
104,136,483,34,8
103,146,471,35,8
108,152,465,36,8
112,159,458,37,8
113,163,454,38,8
112,160,449,39,8
108,157,442,40,8
99,156,424,41,8
96,147,414,42,8
88,141,415,43,8
93,132,391,44,8
88,128,379,45,8
87,127,355,46,8
83,124,343,47,8
79,117,331,48,8
75,117,310,49,8
76,111,297,50,8
66,97,286,51,8
60,83,264,52,8
51,74,246,53,8
44,63,231,54,8
34,56,213,55,8
30,44,198,56,8
25,34,184,57,8
17,26,167,58,8
12,17,150,59,8
8,8,138,60,8
1,-3,131,61,8
-5,-12,116,62,8
-8,-18,107,63,8
-14,-26,96,64,8
-19,-35,88,65,8
-19,-38,82,66,8
-20,-44,79,67,8
-20,-46,75,68,8
-20,-46,74,69,8
-20,-47,72,70,8
-20,-48,70,71,8
-20,-48,70,72,8
-20,-48,69,73,8
-20,-48,68,74,8
-20,-48,68,75,8
-20,-48,68,76,8
-20,-48,68,77,8
-20,-48,68,78,8
-20,-48,68,79,8
-20,-48,68,80,8
-20,-48,68,81,8
-20,-48,68,82,8
-20,-48,68,83,8
-20,-48,68,84,8
-20,-48,68,85,8
-20,-48,68,86,8
-20,-48,68,87,8
-20,-48,68,88,8
-20,-48,68,89,8
-20,-48,68,90,8
-20,-48,68,91,8
-20,-48,68,92,8
-20,-48,68,93,8
-20,-48,68,94,8
-20,-48,68,95,8
-20,-48,68,96,8
-20,-48,68,97,8
-20,-48,68,98,8
-20,-48,68,99,8
-20,-48,68,100,8
-20,-48,68,101,8
-20,-48,68,102,8
-20,-48,68,103,8
-20,-48,68,104,8
-20,-48,68,105,8
-20,-48,68,106,8
-20,-48,68,107,8
-20,-48,68,108,8
-20,-48,68,109,8
-20,-48,68,110,8
-20,-48,68,111,8
-20,-48,68,112,8
-20,-48,68,113,8
-20,-48,68,114,8
-20,-48,68,115,8
-20,-48,68,116,8
-20,-48,68,117,8
-20,-48,68,118,8
-20,-48,68,119,8
-20,-48,68,120,8
-20,-48,68,121,8
-20,-48,68,122,8
-20,-48,68,123,8
-20,-48,68,124,8
-20,-48,68,125,8
-20,-48,68,126,8
-20,-48,68,127,8
-20,-48,68,128,8
-20,-48,68,129,8
-20,-48,68,130,8
-20,-48,68,131,8
-20,-48,68,132,8
-20,-48,68,133,8
-20,-48,68,134,8
-20,-48,68,135,8
-20,-48,68,136,8
-20,-48,68,137,8
-20,-48,68,138,8
-20,-48,68,139,8
-20,-48,68,140,8
-20,-48,68,141,8
-20,-48,68,142,8
-20,-48,68,143,8
-20,-48,68,144,8
-20,-48,68,145,8
-20,-48,68,146,8
-20,-48,68,147,8
-20,-48,68,148,8
-20,-48,68,149,8
-20,-48,68,150,8
-20,-48,68,151,8
7,16,24,0,9
7,16,24,1,9
12,19,29,2,9
15,22,38,3,9
21,27,46,4,9
23,31,54,5,9
27,37,68,6,9
29,39,91,7,9
31,45,112,8,9
34,52,140,9,9
39,57,164,10,9
41,67,183,11,9
46,75,207,12,9
49,84,245,13,9
52,95,272,14,9
59,106,307,15,9
59,101,305,16,9
59,112,327,17,9
61,124,344,18,9
66,136,365,19,9
74,153,386,20,9
80,159,409,21,9
91,171,418,22,9
93,187,434,23,9
95,201,441,24,9
102,212,448,25,9
109,223,466,26,9
113,238,477,27,9
112,257,474,28,9
117,269,473,29,9
114,286,468,30,9
112,288,475,31,9
111,287,482,32,9
114,290,481,33,9
112,282,482,34,9
113,280,474,35,9
108,273,466,36,9
105,270,450,37,9
103,256,439,38,9
99,249,421,39,9
92,240,407,40,9
88,226,393,41,9
81,209,380,42,9
79,195,357,43,9
71,183,340,44,9
68,168,325,45,9
63,164,313,46,9
54,158,295,47,9
48,152,277,48,9
47,137,258,49,9
43,122,243,50,9
40,111,224,51,9
37,96,211,52,9
34,82,195,53,9
31,67,184,54,9
29,58,168,55,9
25,47,151,56,9
22,39,133,57,9
17,31,122,58,9
14,25,115,59,9
9,18,99,60,9
6,6,88,61,9
2,0,82,62,9
-2,-9,76,63,9
-5,-14,72,64,9
-9,-17,62,65,9
-9,-18,57,66,9
-9,-19,53,67,9
-9,-19,50,68,9
-9,-21,49,69,9
-9,-21,47,70,9
-9,-21,44,71,9
-9,-21,43,72,9
-9,-21,41,73,9
-9,-21,37,74,9
-9,-21,36,75,9
-9,-21,36,76,9
-9,-21,34,77,9
-9,-21,32,78,9
-9,-21,31,79,9
-9,-21,31,80,9
-9,-21,31,81,9
-9,-21,30,82,9
-9,-21,30,83,9
-9,-21,30,84,9
-9,-21,30,85,9
-9,-21,30,86,9
-9,-21,30,87,9
-9,-21,30,88,9
-9,-21,30,89,9
-9,-21,30,90,9
-9,-21,30,91,9
-9,-21,30,92,9
-9,-21,30,93,9
-9,-21,30,94,9
-9,-21,30,95,9
-9,-21,30,96,9
-9,-21,30,97,9
-9,-21,30,98,9
-9,-21,30,99,9
-9,-21,30,100,9
-9,-21,30,101,9
-9,-21,30,102,9
-9,-21,30,103,9
-9,-21,30,104,9
-9,-21,30,105,9
-9,-21,30,106,9
-9,-21,30,107,9
-9,-21,30,108,9
-9,-21,30,109,9
-9,-21,30,110,9
-9,-21,30,111,9
-9,-21,30,112,9
-9,-21,30,113,9
-9,-21,30,114,9
-9,-21,30,115,9
-9,-21,30,116,9
-9,-21,30,117,9
-9,-21,30,118,9
-9,-21,30,119,9
-9,-21,30,120,9
-9,-21,30,121,9
-9,-21,30,122,9
-9,-21,30,123,9
-9,-21,30,124,9
-9,-21,30,125,9
-9,-21,30,126,9
-9,-21,30,127,9
-9,-21,30,128,9
-9,-21,30,129,9
-9,-21,30,130,9
-9,-21,30,131,9
-9,-21,30,132,9
-9,-21,30,133,9
-9,-21,30,134,9
-9,-21,30,135,9
-9,-21,30,136,9
-9,-21,30,137,9
-9,-21,30,138,9
-9,-21,30,139,9
-9,-21,30,140,9
-9,-21,30,141,9
-9,-21,30,142,9
-9,-21,30,143,9
-9,-21,30,144,9
-9,-21,30,145,9
-9,-21,30,146,9
-9,-21,30,147,9
-9,-21,30,148,9
-9,-21,30,149,9
-9,-21,30,150,9
-9,-21,30,151,9
10,20,22,0,10
10,20,22,1,10
12,25,24,2,10
13,29,33,3,10
14,33,46,4,10
16,38,56,5,10
18,42,66,6,10
20,46,80,7,10
23,53,98,8,10
28,58,117,9,10
30,65,133,10,10
32,69,147,11,10
35,78,168,12,10
39,83,186,13,10
45,87,221,14,10
50,92,246,15,10
44,78,257,16,10
48,79,280,17,10
53,92,297,18,10
55,100,311,19,10
61,116,326,20,10
65,131,338,21,10
74,136,354,22,10
76,142,352,23,10
82,149,353,24,10
87,163,365,25,10
89,177,374,26,10
92,180,388,27,10
96,188,408,28,10
102,198,398,29,10
100,212,412,30,10
107,225,410,31,10
111,230,428,32,10
109,229,431,33,10
113,231,433,34,10
115,223,428,35,10
112,217,439,36,10
110,212,425,37,10
113,215,431,38,10
108,213,437,39,10
107,198,423,40,10
109,189,425,41,10
98,197,411,42,10
90,187,401,43,10
85,182,383,44,10
78,172,357,45,10
67,160,337,46,10
59,150,317,47,10
56,144,305,48,10
49,139,281,49,10
39,136,265,50,10
35,129,240,51,10
30,122,230,52,10
22,109,214,53,10
18,95,190,54,10
14,87,178,55,10
7,77,158,56,10
5,63,143,57,10
4,57,121,58,10
3,44,112,59,10
2,35,106,60,10
1,25,101,61,10
-2,17,86,62,10
-4,7,71,63,10
-6,0,67,64,10
-7,-6,60,65,10
-7,-11,52,66,10
-7,-11,45,67,10
-7,-13,39,68,10
-7,-13,39,69,10
-7,-15,39,70,10
-7,-15,36,71,10
-7,-15,31,72,10
-7,-15,29,73,10
-7,-15,29,74,10
-7,-15,27,75,10
-7,-15,25,76,10
-7,-15,25,77,10
-7,-15,24,78,10
-7,-15,23,79,10
-7,-15,23,80,10
-7,-15,23,81,10
-7,-15,23,82,10
-7,-15,22,83,10
-7,-15,22,84,10
-7,-15,22,85,10
-7,-15,22,86,10
-7,-15,22,87,10
-7,-15,22,88,10
-7,-15,22,89,10
-7,-15,22,90,10
-7,-15,22,91,10
-7,-15,22,92,10
-7,-15,22,93,10
-7,-15,22,94,10
-7,-15,22,95,10
-7,-15,22,96,10
-7,-15,22,97,10
-7,-15,22,98,10
-7,-15,22,99,10
-7,-15,22,100,10
-7,-15,22,101,10
-7,-15,22,102,10
-7,-15,22,103,10
-7,-15,22,104,10
-7,-15,22,105,10
-7,-15,22,106,10
-7,-15,22,107,10
-7,-15,22,108,10
-7,-15,22,109,10
-7,-15,22,110,10
-7,-15,22,111,10
-7,-15,22,112,10
-7,-15,22,113,10
-7,-15,22,114,10
-7,-15,22,115,10
-7,-15,22,116,10
-7,-15,22,117,10
-7,-15,22,118,10
-7,-15,22,119,10
-7,-15,22,120,10
-7,-15,22,121,10
-7,-15,22,122,10
-7,-15,22,123,10
-7,-15,22,124,10
-7,-15,22,125,10
-7,-15,22,126,10
-7,-15,22,127,10
-7,-15,22,128,10
-7,-15,22,129,10
-7,-15,22,130,10
-7,-15,22,131,10
-7,-15,22,132,10
-7,-15,22,133,10
-7,-15,22,134,10
-7,-15,22,135,10
-7,-15,22,136,10
-7,-15,22,137,10
-7,-15,22,138,10
-7,-15,22,139,10
-7,-15,22,140,10
-7,-15,22,141,10
-7,-15,22,142,10
-7,-15,22,143,10
-7,-15,22,144,10
-7,-15,22,145,10
-7,-15,22,146,10
-7,-15,22,147,10
-7,-15,22,148,10
-7,-15,22,149,10
-7,-15,22,150,10
-7,-15,22,151,10
7,10,30,0,11
7,10,30,1,11
8,10,39,2,11
9,13,48,3,11
9,15,55,4,11
11,15,65,5,11
11,18,82,6,11
13,18,104,7,11
15,21,128,8,11
16,26,149,9,11
17,30,183,10,11
19,36,206,11,11
20,45,240,12,11
23,54,270,13,11
24,60,304,14,11
27,65,339,15,11
22,62,349,16,11
30,65,386,17,11
36,72,415,18,11
45,80,447,19,11
54,95,485,20,11
59,105,514,21,11
75,111,535,22,11
84,130,556,23,11
98,147,578,24,11
110,163,577,25,11
118,183,589,26,11
126,192,601,27,11
131,210,591,28,11
132,225,597,29,11
133,242,599,30,11
135,253,586,31,11
132,254,575,32,11
131,259,573,33,11
130,257,568,34,11
124,244,554,35,11
123,246,531,36,11
121,237,518,37,11
112,218,501,38,11
98,210,476,39,11
89,200,456,40,11
83,188,434,41,11
80,177,402,42,11
79,163,390,43,11
75,153,370,44,11
71,133,343,45,11
67,123,323,46,11
65,117,307,47,11
54,104,285,48,11
50,89,263,49,11
44,82,244,50,11
32,72,228,51,11
25,64,205,52,11
14,56,194,53,11
7,45,180,54,11
2,35,170,55,11
-1,21,159,56,11
-6,11,149,57,11
-9,-1,138,58,11
-13,-12,126,59,11
-14,-18,122,60,11
-17,-25,117,61,11
-20,-34,108,62,11
-21,-39,104,63,11
-22,-46,105,64,11
-24,-49,102,65,11
-24,-52,101,66,11
-24,-54,98,67,11
-24,-54,95,68,11
-24,-55,95,69,11
-24,-55,93,70,11
-24,-55,90,71,11
-24,-55,88,72,11
-24,-55,86,73,11
-24,-55,84,74,11
-24,-55,83,75,11
-24,-55,83,76,11
-24,-55,83,77,11
-24,-55,82,78,11
-24,-55,80,79,11
-24,-55,79,80,11
-24,-55,79,81,11
-24,-55,79,82,11
-24,-55,79,83,11
-24,-55,79,84,11
-24,-55,79,85,11
-24,-55,79,86,11
-24,-55,79,87,11
-24,-55,79,88,11
-24,-55,79,89,11
-24,-55,79,90,11
-24,-55,79,91,11
-24,-55,79,92,11
-24,-55,79,93,11
-24,-55,79,94,11
-24,-55,79,95,11
-24,-55,79,96,11
-24,-55,79,97,11
-24,-55,79,98,11
-24,-55,79,99,11
-24,-55,79,100,11
-24,-55,79,101,11
-24,-55,79,102,11
-24,-55,79,103,11
-24,-55,79,104,11
-24,-55,79,105,11
-24,-55,79,106,11
-24,-55,79,107,11
-24,-55,79,108,11
-24,-55,79,109,11
-24,-55,79,110,11
-24,-55,79,111,11
-24,-55,79,112,11
-24,-55,79,113,11
-24,-55,79,114,11
-24,-55,79,115,11
-24,-55,79,116,11
-24,-55,79,117,11
-24,-55,79,118,11
-24,-55,79,119,11
-24,-55,79,120,11
-24,-55,79,121,11
-24,-55,79,122,11
-24,-55,79,123,11
-24,-55,79,124,11
-24,-55,79,125,11
-24,-55,79,126,11
-24,-55,79,127,11
-24,-55,79,128,11
-24,-55,79,129,11
-24,-55,79,130,11
-24,-55,79,131,11
-24,-55,79,132,11
-24,-55,79,133,11
-24,-55,79,134,11
-24,-55,79,135,11
-24,-55,79,136,11
-24,-55,79,137,11
-24,-55,79,138,11
-24,-55,79,139,11
-24,-55,79,140,11
-24,-55,79,141,11
-24,-55,79,142,11
-24,-55,79,143,11
-24,-55,79,144,11
-24,-55,79,145,11
-24,-55,79,146,11
-24,-55,79,147,11
-24,-55,79,148,11
-24,-55,79,149,11
-24,-55,79,150,11
-24,-55,79,151,11
7,9,21,0,12
7,9,21,1,12
10,11,21,2,12
14,13,27,3,12
16,18,37,4,12
18,18,48,5,12
22,24,59,6,12
24,27,69,7,12
28,28,83,8,12
32,29,93,9,12
34,35,109,10,12
36,40,121,11,12
38,44,134,12,12
39,47,151,13,12
39,54,168,14,12
43,57,192,15,12
38,52,188,16,12
40,58,213,17,12
40,61,221,18,12
40,60,237,19,12
44,67,255,20,12
49,72,268,21,12
51,83,291,22,12
60,103,319,23,12
58,114,338,24,12
63,124,349,25,12
68,133,373,26,12
75,143,402,27,12
81,164,421,28,12
85,172,441,29,12
94,184,455,30,12
99,196,475,31,12
101,200,488,32,12
109,213,516,33,12
112,223,526,34,12
118,225,543,35,12
120,226,558,36,12
120,226,559,37,12
114,214,537,38,12
119,214,542,39,12
120,206,547,40,12
118,203,533,41,12
114,194,522,42,12
112,184,504,43,12
108,175,496,44,12
104,165,482,45,12
112,157,457,46,12
103,154,446,47,12
98,144,413,48,12
93,143,387,49,12
86,134,352,50,12
74,122,323,51,12
69,108,297,52,12
64,97,282,53,12
55,84,258,54,12
47,70,236,55,12
41,58,223,56,12
36,43,206,57,12
28,36,186,58,12
19,33,163,59,12
14,21,146,60,12
5,12,130,61,12
1,2,111,62,12
-7,-3,100,63,12
-11,-12,93,64,12
-16,-16,86,65,12
-17,-17,79,66,12
-17,-21,77,67,12
-17,-24,75,68,12
-17,-25,71,69,12
-17,-26,69,70,12
-17,-26,62,71,12
-17,-26,58,72,12
-17,-26,57,73,12
-17,-26,57,74,12
-17,-27,54,75,12
-17,-27,53,76,12
-17,-28,53,77,12
-17,-28,53,78,12
-17,-29,51,79,12
-17,-29,51,80,12
-17,-29,51,81,12
-17,-29,50,82,12
-17,-29,50,83,12
-17,-29,48,84,12
-17,-29,47,85,12
-17,-29,47,86,12
-17,-29,47,87,12
-17,-29,46,88,12
-17,-29,46,89,12
-17,-29,46,90,12
-17,-29,46,91,12
-17,-29,46,92,12
-17,-29,46,93,12
-17,-29,46,94,12
-17,-29,46,95,12
-17,-29,46,96,12
-17,-29,46,97,12
-17,-29,46,98,12
-17,-29,46,99,12
-17,-29,46,100,12
-17,-29,46,101,12
-17,-29,46,102,12
-17,-29,46,103,12
-17,-29,46,104,12
-17,-29,46,105,12
-17,-29,46,106,12
-17,-29,46,107,12
-17,-29,46,108,12
-17,-29,46,109,12
-17,-29,46,110,12
-17,-29,46,111,12
-17,-29,46,112,12
-17,-29,46,113,12
-17,-29,46,114,12
-17,-29,46,115,12
-17,-29,46,116,12
-17,-29,46,117,12
-17,-29,46,118,12
-17,-29,46,119,12
-17,-29,46,120,12
-17,-29,46,121,12
-17,-29,46,122,12
-17,-29,46,123,12
-17,-29,46,124,12
-17,-29,46,125,12
-17,-29,46,126,12
-17,-29,46,127,12
-17,-29,46,128,12
-17,-29,46,129,12
-17,-29,46,130,12
-17,-29,46,131,12
-17,-29,46,132,12
-17,-29,46,133,12
-17,-29,46,134,12
-17,-29,46,135,12
-17,-29,46,136,12
-17,-29,46,137,12
-17,-29,46,138,12
-17,-29,46,139,12
-17,-29,46,140,12
-17,-29,46,141,12
-17,-29,46,142,12
-17,-29,46,143,12
-17,-29,46,144,12
-17,-29,46,145,12
-17,-29,46,146,12
-17,-29,46,147,12
-17,-29,46,148,12
-17,-29,46,149,12
-17,-29,46,150,12
-17,-29,46,151,12
3,12,16,0,13
3,12,16,1,13
3,12,21,2,13
4,14,25,3,13
5,17,33,4,13
7,19,40,5,13
8,23,51,6,13
9,26,58,7,13
9,27,66,8,13
11,31,75,9,13
11,32,85,10,13
12,36,97,11,13
15,39,116,12,13
17,43,128,13,13
19,47,148,14,13
21,51,167,15,13
21,43,171,16,13
26,50,179,17,13
29,51,200,18,13
32,56,219,19,13
39,62,229,20,13
41,64,244,21,13
44,64,264,22,13
48,81,276,23,13
50,96,288,24,13
54,111,306,25,13
58,117,333,26,13
61,126,345,27,13
64,131,367,28,13
67,140,380,29,13
67,148,401,30,13
71,157,414,31,13
75,163,443,32,13
75,173,444,33,13
73,174,454,34,13
73,176,457,35,13
75,177,464,36,13
74,177,475,37,13
76,173,482,38,13
73,167,492,39,13
72,163,488,40,13
72,159,475,41,13
73,153,465,42,13
75,151,454,43,13
77,146,441,44,13
74,139,427,45,13
68,132,412,46,13
59,126,393,47,13
59,117,378,48,13
58,109,368,49,13
58,103,360,50,13
54,92,336,51,13
50,85,312,52,13
45,69,294,53,13
39,57,275,54,13
34,46,258,55,13
28,39,241,56,13
26,31,221,57,13
21,20,204,58,13
18,7,192,59,13
17,0,176,60,13
13,-7,167,61,13
10,-14,147,62,13
5,-19,143,63,13
4,-28,124,64,13
1,-37,113,65,13
0,-38,111,66,13
0,-39,105,67,13
0,-40,101,68,13
0,-41,94,69,13
0,-41,90,70,13
0,-42,85,71,13
0,-43,82,72,13
0,-43,78,73,13
0,-44,73,74,13
0,-44,67,75,13
0,-44,62,76,13
0,-44,62,77,13
0,-44,58,78,13
0,-44,58,79,13
0,-44,56,80,13
0,-46,56,81,13
0,-46,54,82,13
0,-46,51,83,13
0,-46,51,84,13
0,-46,49,85,13
0,-46,48,86,13
0,-46,48,87,13
0,-46,48,88,13
0,-46,47,89,13
0,-46,47,90,13
0,-46,47,91,13
0,-46,47,92,13
0,-46,46,93,13
0,-46,46,94,13
0,-46,46,95,13
0,-46,46,96,13
0,-46,46,97,13
0,-46,46,98,13
0,-46,46,99,13
0,-46,46,100,13
0,-46,46,101,13
0,-46,46,102,13
0,-46,46,103,13
0,-46,46,104,13
0,-46,46,105,13
0,-46,46,106,13
0,-46,46,107,13
0,-46,46,108,13
0,-46,46,109,13
0,-46,46,110,13
0,-46,46,111,13
0,-46,46,112,13
0,-46,46,113,13
0,-46,46,114,13
0,-46,46,115,13
0,-46,46,116,13
0,-46,46,117,13
0,-46,46,118,13
0,-46,46,119,13
0,-46,46,120,13
0,-46,46,121,13
0,-46,46,122,13
0,-46,46,123,13
0,-46,46,124,13
0,-46,46,125,13
0,-46,46,126,13
0,-46,46,127,13
0,-46,46,128,13
0,-46,46,129,13
0,-46,46,130,13
0,-46,46,131,13
0,-46,46,132,13
0,-46,46,133,13
0,-46,46,134,13
0,-46,46,135,13
0,-46,46,136,13
0,-46,46,137,13
0,-46,46,138,13
0,-46,46,139,13
0,-46,46,140,13
0,-46,46,141,13
0,-46,46,142,13
0,-46,46,143,13
0,-46,46,144,13
0,-46,46,145,13
0,-46,46,146,13
0,-46,46,147,13
0,-46,46,148,13
0,-46,46,149,13
0,-46,46,150,13
0,-46,46,151,13
11,9,16,0,14
11,9,16,1,14
12,11,20,2,14
16,13,29,3,14
20,16,37,4,14
27,19,40,5,14
34,25,48,6,14
35,32,58,7,14
43,42,65,8,14
48,51,74,9,14
57,58,82,10,14
67,69,97,11,14
75,79,107,12,14
86,91,120,13,14
97,101,132,14,14
109,116,147,15,14
108,120,150,16,14
113,137,166,17,14
117,153,169,18,14
122,166,194,19,14
125,182,230,20,14
130,188,248,21,14
133,198,275,22,14
135,198,308,23,14
143,210,337,24,14
149,214,352,25,14
150,220,369,26,14
155,225,394,27,14
153,231,406,28,14
155,240,424,29,14
157,237,447,30,14
162,234,470,31,14
160,230,488,32,14
163,223,517,33,14
158,233,508,34,14
157,228,501,35,14
153,222,513,36,14
155,212,518,37,14
156,208,511,38,14
141,205,499,39,14
138,198,493,40,14
133,187,484,41,14
126,181,470,42,14
119,171,458,43,14
117,159,444,44,14
119,149,416,45,14
115,146,388,46,14
111,140,369,47,14
101,140,341,48,14
97,129,327,49,14
97,115,308,50,14
94,103,285,51,14
85,93,253,52,14
77,85,223,53,14
70,77,198,54,14
66,66,186,55,14
60,54,174,56,14
54,47,152,57,14
51,42,142,58,14
45,32,125,59,14
39,25,113,60,14
33,16,99,61,14
26,13,84,62,14
20,7,73,63,14
15,1,60,64,14
12,-7,49,65,14
12,-9,37,66,14
11,-9,34,67,14
11,-10,31,68,14
11,-11,30,69,14
11,-11,24,70,14
11,-11,19,71,14
11,-11,18,72,14
11,-12,14,73,14
11,-12,13,74,14
11,-14,12,75,14
11,-15,10,76,14
11,-16,8,77,14
11,-16,6,78,14
11,-16,5,79,14
11,-16,5,80,14
11,-16,5,81,14
11,-16,5,82,14
11,-16,5,83,14
11,-16,5,84,14
11,-16,5,85,14
11,-16,5,86,14
11,-16,5,87,14
11,-16,5,88,14
11,-16,5,89,14
11,-16,5,90,14
11,-16,5,91,14
11,-16,5,92,14
11,-16,5,93,14
11,-16,5,94,14
11,-16,5,95,14
11,-16,5,96,14
11,-16,5,97,14
11,-16,5,98,14
11,-16,5,99,14
11,-16,5,100,14
11,-16,5,101,14
11,-16,5,102,14
11,-16,5,103,14
11,-16,5,104,14
11,-16,5,105,14
11,-16,5,106,14
11,-16,5,107,14
11,-16,5,108,14
11,-16,5,109,14
11,-16,5,110,14
11,-16,5,111,14
11,-16,5,112,14
11,-16,5,113,14
11,-16,5,114,14
11,-16,5,115,14
11,-16,5,116,14
11,-16,5,117,14
11,-16,5,118,14
11,-16,5,119,14
11,-16,5,120,14
11,-16,5,121,14
11,-16,5,122,14
11,-16,5,123,14
11,-16,5,124,14
11,-16,5,125,14
11,-16,5,126,14
11,-16,5,127,14
11,-16,5,128,14
11,-16,5,129,14
11,-16,5,130,14
11,-16,5,131,14
11,-16,5,132,14
11,-16,5,133,14
11,-16,5,134,14
11,-16,5,135,14
11,-16,5,136,14
11,-16,5,137,14
11,-16,5,138,14
11,-16,5,139,14
11,-16,5,140,14
11,-16,5,141,14
11,-16,5,142,14
11,-16,5,143,14
11,-16,5,144,14
11,-16,5,145,14
11,-16,5,146,14
11,-16,5,147,14
11,-16,5,148,14
11,-16,5,149,14
11,-16,5,150,14
11,-16,5,151,14
1,17,14,0,15
1,17,14,1,15
1,22,21,2,15
1,27,26,3,15
1,28,32,4,15
1,30,40,5,15
1,36,53,6,15
1,37,69,7,15
1,48,89,8,15
1,55,99,9,15
3,63,115,10,15
7,65,135,11,15
9,74,157,12,15
14,79,180,13,15
16,84,210,14,15
19,87,235,15,15
22,76,253,16,15
27,83,273,17,15
36,85,296,18,15
41,91,318,19,15
54,103,329,20,15
54,110,347,21,15
62,116,369,22,15
65,114,380,23,15
67,121,400,24,15
74,124,423,25,15
74,132,441,26,15
76,134,462,27,15
79,145,471,28,15
81,148,472,29,15
90,152,490,30,15
90,158,494,31,15
96,159,499,32,15
98,169,510,33,15
102,176,499,34,15
110,172,500,35,15
113,183,495,36,15
113,189,486,37,15
114,198,472,38,15
106,202,467,39,15
102,197,446,40,15
102,195,432,41,15
96,195,411,42,15
86,194,392,43,15
81,191,382,44,15
74,180,357,45,15
63,176,344,46,15
58,161,325,47,15
51,148,292,48,15
44,144,281,49,15
38,131,260,50,15
32,113,235,51,15
27,101,205,52,15
22,82,194,53,15
17,65,183,54,15
12,58,169,55,15
8,44,152,56,15
2,34,138,57,15
-4,18,135,58,15
-6,6,124,59,15
-10,-1,116,60,15
-13,-6,101,61,15
-15,-12,92,62,15
-18,-18,88,63,15
-18,-30,83,64,15
-18,-38,80,65,15
-18,-39,77,66,15
-18,-41,76,67,15
-18,-42,73,68,15
-18,-44,71,69,15
-18,-46,70,70,15
-18,-46,69,71,15
-18,-47,69,72,15
-18,-47,68,73,15
-18,-47,68,74,15
-18,-47,68,75,15
-18,-48,68,76,15
-18,-48,68,77,15
-18,-48,67,78,15
-18,-48,66,79,15
-18,-48,66,80,15
-18,-48,66,81,15
-18,-48,66,82,15
-18,-48,66,83,15
-18,-48,66,84,15
-18,-48,66,85,15
-18,-48,66,86,15
-18,-48,66,87,15
-18,-48,66,88,15
-18,-48,66,89,15
-18,-48,66,90,15
-18,-48,66,91,15
-18,-48,66,92,15
-18,-48,66,93,15
-18,-48,66,94,15
-18,-48,66,95,15
-18,-48,66,96,15
-18,-48,66,97,15
-18,-48,66,98,15
-18,-48,66,99,15
-18,-48,66,100,15
-18,-48,66,101,15
-18,-48,66,102,15
-18,-48,66,103,15
-18,-48,66,104,15
-18,-48,66,105,15
-18,-48,66,106,15
-18,-48,66,107,15
-18,-48,66,108,15
-18,-48,66,109,15
-18,-48,66,110,15
-18,-48,66,111,15
-18,-48,66,112,15
-18,-48,66,113,15
-18,-48,66,114,15
-18,-48,66,115,15
-18,-48,66,116,15
-18,-48,66,117,15
-18,-48,66,118,15
-18,-48,66,119,15
-18,-48,66,120,15
-18,-48,66,121,15
-18,-48,66,122,15
-18,-48,66,123,15
-18,-48,66,124,15
-18,-48,66,125,15
-18,-48,66,126,15
-18,-48,66,127,15
-18,-48,66,128,15
-18,-48,66,129,15
-18,-48,66,130,15
-18,-48,66,131,15
-18,-48,66,132,15
-18,-48,66,133,15
-18,-48,66,134,15
-18,-48,66,135,15
-18,-48,66,136,15
-18,-48,66,137,15
-18,-48,66,138,15
-18,-48,66,139,15
-18,-48,66,140,15
-18,-48,66,141,15
-18,-48,66,142,15
-18,-48,66,143,15
-18,-48,66,144,15
-18,-48,66,145,15
-18,-48,66,146,15
-18,-48,66,147,15
-18,-48,66,148,15
-18,-48,66,149,15
-18,-48,66,150,15
-18,-48,66,151,15
3,8,18,0,16
3,8,18,1,16
4,8,22,2,16
5,9,29,3,16
6,10,38,4,16
6,12,51,5,16
7,15,66,6,16
7,17,75,7,16
7,20,98,8,16
8,20,114,9,16
8,22,129,10,16
10,26,140,11,16
15,30,159,12,16
18,38,173,13,16
20,43,193,14,16
24,51,206,15,16
25,51,202,16,16
29,59,215,17,16
30,63,219,18,16
30,70,226,19,16
32,77,240,20,16
34,82,246,21,16
42,88,264,22,16
47,88,265,23,16
52,94,278,24,16
54,99,291,25,16
55,100,313,26,16
59,106,326,27,16
64,101,349,28,16
63,103,359,29,16
61,108,378,30,16
63,104,394,31,16
68,102,399,32,16
68,109,422,33,16
71,111,430,34,16
71,110,429,35,16
74,110,428,36,16
67,110,422,37,16
68,112,429,38,16
69,117,417,39,16
70,117,405,40,16
74,119,392,41,16
72,120,379,42,16
70,124,361,43,16
68,121,351,44,16
67,119,327,45,16
62,127,317,46,16
61,130,308,47,16
60,126,299,48,16
59,122,290,49,16
60,120,280,50,16
53,114,268,51,16
50,105,258,52,16
41,98,235,53,16
35,85,224,54,16
33,76,212,55,16
28,65,199,56,16
22,52,182,57,16
18,36,172,58,16
15,30,158,59,16
9,25,150,60,16
9,11,131,61,16
5,1,114,62,16
1,-11,96,63,16
0,-23,85,64,16
-5,-33,75,65,16
-5,-35,68,66,16
-6,-36,62,67,16
-6,-37,60,68,16
-6,-38,56,69,16
-6,-38,53,70,16
-6,-40,50,71,16
-6,-40,49,72,16
-7,-40,48,73,16
-7,-40,48,74,16
-7,-40,47,75,16
-7,-40,47,76,16
-7,-40,47,77,16
-7,-40,47,78,16
-7,-40,47,79,16
-7,-40,47,80,16
-7,-40,47,81,16
-7,-40,47,82,16
-7,-40,47,83,16
-7,-40,47,84,16
-7,-40,47,85,16
-7,-40,47,86,16
-7,-40,47,87,16
-7,-40,47,88,16
-7,-40,47,89,16
-7,-40,47,90,16
-7,-40,47,91,16
-7,-40,47,92,16
-7,-40,47,93,16
-7,-40,47,94,16
-7,-40,47,95,16
-7,-40,47,96,16
-7,-40,47,97,16
-7,-40,47,98,16
-7,-40,47,99,16
-7,-40,47,100,16
-7,-40,47,101,16
-7,-40,47,102,16
-7,-40,47,103,16
-7,-40,47,104,16
-7,-40,47,105,16
-7,-40,47,106,16
-7,-40,47,107,16
-7,-40,47,108,16
-7,-40,47,109,16
-7,-40,47,110,16
-7,-40,47,111,16
-7,-40,47,112,16
-7,-40,47,113,16
-7,-40,47,114,16
-7,-40,47,115,16
-7,-40,47,116,16
-7,-40,47,117,16
-7,-40,47,118,16
-7,-40,47,119,16
-7,-40,47,120,16
-7,-40,47,121,16
-7,-40,47,122,16
-7,-40,47,123,16
-7,-40,47,124,16
-7,-40,47,125,16
-7,-40,47,126,16
-7,-40,47,127,16
-7,-40,47,128,16
-7,-40,47,129,16
-7,-40,47,130,16
-7,-40,47,131,16
-7,-40,47,132,16
-7,-40,47,133,16
-7,-40,47,134,16
-7,-40,47,135,16
-7,-40,47,136,16
-7,-40,47,137,16
-7,-40,47,138,16
-7,-40,47,139,16
-7,-40,47,140,16
-7,-40,47,141,16
-7,-40,47,142,16
-7,-40,47,143,16
-7,-40,47,144,16
-7,-40,47,145,16
-7,-40,47,146,16
-7,-40,47,147,16
-7,-40,47,148,16
-7,-40,47,149,16
-7,-40,47,150,16
-7,-40,47,151,16
5,11,15,0,17
5,11,15,1,17
5,15,22,2,17
7,15,31,3,17
9,24,36,4,17
11,31,41,5,17
13,38,48,6,17
20,41,57,7,17
22,44,67,8,17
25,50,75,9,17
28,54,85,10,17
33,60,94,11,17
34,70,103,12,17
39,73,120,13,17
45,76,136,14,17
49,81,153,15,17
45,74,161,16,17
47,79,175,17,17
46,86,188,18,17
46,84,211,19,17
49,80,229,20,17
50,84,253,21,17
48,91,273,22,17
52,100,298,23,17
56,107,314,24,17
60,113,322,25,17
66,119,339,26,17
71,121,362,27,17
73,128,382,28,17
84,131,395,29,17
89,143,417,30,17
97,150,427,31,17
110,158,431,32,17
113,160,443,33,17
122,161,443,34,17
122,164,455,35,17
122,173,450,36,17
121,175,446,37,17
123,165,434,38,17
122,172,434,39,17
121,175,436,40,17
118,169,430,41,17
114,166,418,42,17
110,163,394,43,17
100,155,380,44,17
99,143,366,45,17
94,138,354,46,17
92,121,347,47,17
89,115,329,48,17
80,102,312,49,17
79,102,293,50,17
68,88,274,51,17
62,79,258,52,17
58,72,240,53,17
50,58,219,54,17
44,49,202,55,17
39,40,187,56,17
36,33,169,57,17
33,26,158,58,17
31,21,148,59,17
27,6,131,60,17
25,-4,116,61,17
21,-13,99,62,17
19,-21,89,63,17
18,-23,85,64,17
11,-27,71,65,17
11,-28,68,66,17
11,-30,60,67,17
11,-30,56,68,17
11,-30,49,69,17
11,-31,43,70,17
11,-32,39,71,17
11,-33,38,72,17
11,-33,36,73,17
11,-33,33,74,17
11,-34,33,75,17
10,-34,30,76,17
10,-34,29,77,17
10,-34,29,78,17
10,-34,28,79,17
10,-34,27,80,17
10,-34,26,81,17
10,-34,26,82,17
10,-34,26,83,17
10,-34,26,84,17
10,-34,26,85,17
10,-34,27,86,17
10,-34,26,87,17
10,-34,26,88,17
10,-34,26,89,17
10,-34,25,90,17
10,-34,25,91,17
10,-34,25,92,17
10,-34,25,93,17
10,-34,25,94,17
10,-34,25,95,17
10,-34,25,96,17
10,-34,25,97,17
10,-34,25,98,17
10,-34,25,99,17
10,-34,25,100,17
10,-34,24,101,17
10,-34,24,102,17
10,-34,24,103,17
10,-34,24,104,17
10,-34,24,105,17
10,-34,24,106,17
10,-34,24,107,17
10,-34,24,108,17
10,-34,24,109,17
10,-34,24,110,17
10,-34,24,111,17
10,-34,24,112,17
10,-34,24,113,17
10,-34,24,114,17
10,-34,24,115,17
10,-34,24,116,17
10,-34,24,117,17
10,-34,24,118,17
10,-34,24,119,17
10,-34,24,120,17
10,-34,24,121,17
10,-34,24,122,17
10,-34,24,123,17
10,-34,24,124,17
10,-34,24,125,17
10,-34,24,126,17
10,-34,24,127,17
10,-34,24,128,17
10,-34,24,129,17
10,-34,24,130,17
10,-34,24,131,17
10,-34,24,132,17
10,-34,24,133,17
10,-34,24,134,17
10,-34,24,135,17
10,-34,24,136,17
10,-34,24,137,17
10,-34,24,138,17
10,-34,24,139,17
10,-34,24,140,17
10,-34,24,141,17
10,-34,24,142,17
10,-34,24,143,17
10,-34,24,144,17
10,-34,24,145,17
10,-34,24,146,17
10,-34,24,147,17
10,-34,24,148,17
10,-34,24,149,17
10,-34,24,150,17
10,-34,24,151,17
4,12,23,0,18
4,12,23,1,18
4,14,28,2,18
4,15,36,3,18
5,19,45,4,18
5,23,52,5,18
5,27,70,6,18
5,30,83,7,18
6,35,98,8,18
8,41,112,9,18
11,45,131,10,18
13,53,140,11,18
17,56,164,12,18
24,67,191,13,18
30,78,222,14,18
34,86,259,15,18
35,80,268,16,18
39,94,297,17,18
46,104,318,18,18
52,114,339,19,18
57,124,357,20,18
59,132,387,21,18
71,141,416,22,18
75,150,447,23,18
80,162,484,24,18
84,176,499,25,18
90,184,538,26,18
93,201,548,27,18
94,205,556,28,18
96,205,569,29,18
96,206,569,30,18
102,217,569,31,18
108,212,573,32,18
109,212,574,33,18
106,209,584,34,18
104,211,593,35,18
108,212,571,36,18
102,206,561,37,18
99,203,549,38,18
96,190,521,39,18
92,186,517,40,18
92,177,495,41,18
81,162,483,42,18
75,157,460,43,18
72,145,439,44,18
66,137,423,45,18
59,125,411,46,18
44,127,389,47,18
41,127,363,48,18
38,120,341,49,18
35,107,319,50,18
28,94,298,51,18
22,76,281,52,18
18,61,260,53,18
12,55,245,54,18
6,44,215,55,18
2,31,191,56,18
-2,26,178,57,18
-7,19,168,58,18
-9,6,157,59,18
-14,1,148,60,18
-17,-11,134,61,18
-24,-16,122,62,18
-32,-22,117,63,18
-35,-30,106,64,18
-37,-33,96,65,18
-37,-33,92,66,18
-37,-34,90,67,18
-37,-34,83,68,18
-37,-35,79,69,18
-37,-35,79,70,18
-37,-35,79,71,18
-37,-35,78,72,18
-37,-35,76,73,18
-37,-35,75,74,18
-37,-35,74,75,18
-37,-35,74,76,18
-37,-35,74,77,18
-37,-35,73,78,18
-37,-35,72,79,18
-37,-35,72,80,18
-37,-35,72,81,18
-37,-35,72,82,18
-37,-35,72,83,18
-37,-35,72,84,18
-37,-35,72,85,18
-37,-35,72,86,18
-37,-35,72,87,18
-37,-35,72,88,18
-37,-35,72,89,18
-37,-35,72,90,18
-37,-35,72,91,18
-37,-35,72,92,18
-37,-35,72,93,18
-37,-35,72,94,18
-37,-35,72,95,18
-37,-35,72,96,18
-37,-35,72,97,18
-37,-35,72,98,18
-37,-35,72,99,18
-37,-35,72,100,18
-37,-35,72,101,18
-37,-35,72,102,18
-37,-35,72,103,18
-37,-35,72,104,18
-37,-35,72,105,18
-37,-35,72,106,18
-37,-35,72,107,18
-37,-35,72,108,18
-37,-35,72,109,18
-37,-35,72,110,18
-37,-35,72,111,18
-37,-35,72,112,18
-37,-35,72,113,18
-37,-35,72,114,18
-37,-35,72,115,18
-37,-35,72,116,18
-37,-35,72,117,18
-37,-35,72,118,18
-37,-35,72,119,18
-37,-35,72,120,18
-37,-35,72,121,18
-37,-35,72,122,18
-37,-35,72,123,18
-37,-35,72,124,18
-37,-35,72,125,18
-37,-35,72,126,18
-37,-35,72,127,18
-37,-35,72,128,18
-37,-35,72,129,18
-37,-35,72,130,18
-37,-35,72,131,18
-37,-35,72,132,18
-37,-35,72,133,18
-37,-35,72,134,18
-37,-35,72,135,18
-37,-35,72,136,18
-37,-35,72,137,18
-37,-35,72,138,18
-37,-35,72,139,18
-37,-35,72,140,18
-37,-35,72,141,18
-37,-35,72,142,18
-37,-35,72,143,18
-37,-35,72,144,18
-37,-35,72,145,18
-37,-35,72,146,18
-37,-35,72,147,18
-37,-35,72,148,18
-37,-35,72,149,18
-37,-35,72,150,18
-37,-35,72,151,18
5,9,25,0,19
5,9,25,1,19
6,10,32,2,19
9,14,47,3,19
12,16,65,4,19
17,19,85,5,19
20,27,102,6,19
24,33,116,7,19
26,41,132,8,19
29,48,147,9,19
35,53,172,10,19
39,68,189,11,19
48,74,205,12,19
59,84,225,13,19
68,95,248,14,19
76,108,268,15,19
75,105,271,16,19
84,118,298,17,19
85,125,307,18,19
98,126,322,19,19
99,137,338,20,19
100,143,358,21,19
108,151,378,22,19
113,158,396,23,19
118,171,419,24,19
118,182,425,25,19
114,180,452,26,19
113,187,478,27,19
112,186,491,28,19
108,192,502,29,19
106,195,508,30,19
109,205,517,31,19
111,200,515,32,19
114,201,526,33,19
110,204,514,34,19
106,209,497,35,19
106,202,487,36,19
99,202,480,37,19
96,192,479,38,19
99,179,449,39,19
98,173,436,40,19
94,168,414,41,19
90,164,395,42,19
91,158,375,43,19
84,155,351,44,19
86,146,341,45,19
83,139,321,46,19
74,132,307,47,19
67,125,289,48,19
67,118,277,49,19
64,108,270,50,19
62,94,255,51,19
54,81,237,52,19
47,67,218,53,19
41,53,216,54,19
38,37,205,55,19
32,30,196,56,19
30,12,181,57,19
23,6,171,58,19
20,-2,161,59,19
12,-13,151,60,19
8,-26,138,61,19
5,-33,126,62,19
-2,-38,117,63,19
-5,-48,110,64,19
-7,-56,102,65,19
-7,-58,97,66,19
-7,-58,90,67,19
-7,-58,88,68,19
-8,-58,86,69,19
-8,-58,83,70,19
-8,-60,81,71,19
-8,-60,80,72,19
-8,-61,77,73,19
-8,-61,76,74,19
-8,-61,74,75,19
-8,-61,74,76,19
-8,-61,73,77,19
-8,-61,72,78,19
-8,-61,72,79,19
-8,-61,70,80,19
-8,-61,70,81,19
-8,-61,70,82,19
-8,-61,70,83,19
-8,-61,69,84,19
-8,-61,69,85,19
-8,-61,69,86,19
-8,-61,69,87,19
-8,-61,69,88,19
-8,-61,69,89,19
-8,-61,69,90,19
-8,-61,69,91,19
-8,-61,69,92,19
-8,-61,69,93,19
-8,-61,69,94,19
-8,-61,69,95,19
-8,-61,69,96,19
-8,-61,69,97,19
-8,-61,69,98,19
-8,-61,69,99,19
-8,-61,69,100,19
-8,-61,69,101,19
-8,-61,69,102,19
-8,-61,69,103,19
-8,-61,69,104,19
-8,-61,69,105,19
-8,-61,69,106,19
-8,-61,69,107,19
-8,-61,69,108,19
-8,-61,69,109,19
-8,-61,69,110,19
-8,-61,69,111,19
-8,-61,69,112,19
-8,-61,69,113,19
-8,-61,69,114,19
-8,-61,69,115,19
-8,-61,69,116,19
-8,-61,69,117,19
-8,-61,69,118,19
-8,-61,69,119,19
-8,-61,69,120,19
-8,-61,69,121,19
-8,-61,69,122,19
-8,-61,69,123,19
-8,-61,69,124,19
-8,-61,69,125,19
-8,-61,69,126,19
-8,-61,69,127,19
-8,-61,69,128,19
-8,-61,69,129,19
-8,-61,69,130,19
-8,-61,69,131,19
-8,-61,69,132,19
-8,-61,69,133,19
-8,-61,69,134,19
-8,-61,69,135,19
-8,-61,69,136,19
-8,-61,69,137,19
-8,-61,69,138,19
-8,-61,69,139,19
-8,-61,69,140,19
-8,-61,69,141,19
-8,-61,69,142,19
-8,-61,69,143,19
-8,-61,69,144,19
-8,-61,69,145,19
-8,-61,69,146,19
-8,-61,69,147,19
-8,-61,69,148,19
-8,-61,69,149,19
-8,-61,69,150,19
-8,-61,69,151,19
5,13,23,0,20
5,13,23,1,20
6,13,30,2,20
8,16,39,3,20
8,22,49,4,20
13,26,65,5,20
16,30,78,6,20
17,35,85,7,20
20,40,100,8,20
23,47,118,9,20
28,59,134,10,20
30,66,158,11,20
32,74,178,12,20
39,91,202,13,20
43,101,230,14,20
46,113,260,15,20
46,110,263,16,20
47,121,280,17,20
48,127,307,18,20
49,130,321,19,20
49,142,331,20,20
49,152,348,21,20
52,165,372,22,20
53,180,387,23,20
51,197,398,24,20
51,200,422,25,20
55,217,425,26,20
55,224,434,27,20
56,225,447,28,20
58,235,446,29,20
59,240,440,30,20
58,250,445,31,20
60,254,457,32,20
61,257,455,33,20
64,262,460,34,20
65,251,464,35,20
67,242,482,36,20
63,238,474,37,20
70,224,464,38,20
73,208,463,39,20
70,193,462,40,20
71,179,458,41,20
69,174,449,42,20
64,168,434,43,20
63,155,425,44,20
63,140,419,45,20
63,123,404,46,20
61,114,385,47,20
60,103,373,48,20
59,93,359,49,20
60,88,345,50,20
51,79,310,51,20
49,68,295,52,20
39,58,285,53,20
32,51,263,54,20
27,44,240,55,20
20,38,216,56,20
18,28,200,57,20
11,20,180,58,20
8,10,164,59,20
3,2,156,60,20
-1,-3,143,61,20
-7,-9,130,62,20
-10,-16,115,63,20
-14,-23,105,64,20
-22,-31,99,65,20
-22,-32,95,66,20
-22,-35,90,67,20
-22,-36,85,68,20
-22,-36,81,69,20
-22,-37,76,70,20
-22,-37,73,71,20
-22,-37,72,72,20
-22,-37,70,73,20
-22,-37,69,74,20
-22,-37,66,75,20
-22,-37,65,76,20
-22,-37,65,77,20
-22,-37,66,78,20
-22,-37,65,79,20
-22,-37,64,80,20
-22,-37,64,81,20
-22,-37,63,82,20
-22,-37,62,83,20
-22,-37,62,84,20
-22,-37,62,85,20
-22,-37,62,86,20
-22,-37,61,87,20
-22,-37,61,88,20
-22,-37,61,89,20
-22,-37,61,90,20
-22,-37,61,91,20
-22,-37,61,92,20
-22,-38,60,93,20
-22,-38,60,94,20
-22,-38,60,95,20
-22,-38,60,96,20
-22,-38,60,97,20
-22,-38,60,98,20
-22,-38,60,99,20
-22,-38,60,100,20
-22,-38,60,101,20
-22,-38,60,102,20
-22,-38,60,103,20
-22,-38,60,104,20
-22,-38,60,105,20
-22,-38,60,106,20
-22,-38,60,107,20
-22,-38,60,108,20
-22,-38,60,109,20
-22,-38,60,110,20
-22,-38,60,111,20
-22,-38,60,112,20
-22,-38,60,113,20
-22,-38,60,114,20
-22,-38,60,115,20
-22,-38,60,116,20
-22,-38,60,117,20
-22,-38,60,118,20
-22,-38,60,119,20
-22,-38,60,120,20
-22,-38,60,121,20
-22,-38,60,122,20
-22,-38,60,123,20
-22,-38,60,124,20
-22,-38,60,125,20
-22,-38,60,126,20
-22,-38,60,127,20
-22,-38,60,128,20
-22,-38,60,129,20
-22,-38,60,130,20
-22,-38,60,131,20
-22,-38,60,132,20
-22,-38,60,133,20
-22,-38,60,134,20
-22,-38,60,135,20
-22,-38,60,136,20
-22,-38,60,137,20
-22,-38,60,138,20
-22,-38,60,139,20
-22,-38,60,140,20
-22,-38,60,141,20
-22,-38,60,142,20
-22,-38,60,143,20
-22,-38,60,144,20
-22,-38,60,145,20
-22,-38,60,146,20
-22,-38,60,147,20
-22,-38,60,148,20
-22,-38,60,149,20
-22,-38,60,150,20
-22,-38,60,151,20
