S,I,R,time,iter 
4057,39,0,0,1
4057,39,0,1,1
4048,48,0,2,1
4042,54,0,3,1
4029,67,0,4,1
4012,84,0,5,1
3999,97,0,6,1
3975,121,0,7,1
3956,140,0,8,1
3939,157,0,9,1
3921,175,0,10,1
3898,198,0,11,1
3879,217,0,12,1
3850,246,0,13,1
3818,278,0,14,1
3782,314,0,15,1
3746,311,39,16,1
3713,335,48,17,1
3673,369,54,18,1
3617,412,67,19,1
3553,459,84,20,1
3506,493,97,21,1
3442,533,121,22,1
3388,568,140,23,1
3322,617,157,24,1
3264,657,175,25,1
3217,681,198,26,1
3151,728,217,27,1
3101,749,246,28,1
3038,780,278,29,1
2988,794,314,30,1
2937,809,350,31,1
2885,828,383,32,1
2828,845,423,33,1
2790,827,479,34,1
2740,813,543,35,1
2693,813,590,36,1
2649,793,654,37,1
2609,779,708,38,1
2564,758,774,39,1
2536,728,832,40,1
2509,708,879,41,1
2487,664,945,42,1
2458,643,995,43,1
2426,612,1058,44,1
2406,582,1108,45,1
2387,550,1159,46,1
2357,528,1211,47,1
2336,492,1268,48,1
2315,475,1306,49,1
2290,450,1356,50,1
2286,407,1403,51,1
2278,371,1447,52,1
2275,334,1487,53,1
2266,298,1532,54,1
2263,273,1560,55,1
2263,246,1587,56,1
2261,226,1609,57,1
2257,201,1638,58,1
2254,172,1670,59,1
2253,153,1690,60,1
2249,138,1709,61,1
2248,109,1739,62,1
2247,89,1760,63,1
2247,68,1781,64,1
2247,43,1806,65,1
2247,39,1810,66,1
2246,32,1818,67,1
2246,29,1821,68,1
2245,21,1830,69,1
2245,18,1833,70,1
2245,18,1833,71,1
2245,16,1835,72,1
2245,12,1839,73,1
2245,9,1842,74,1
2245,8,1843,75,1
2245,4,1847,76,1
2245,3,1848,77,1
2245,2,1849,78,1
2245,2,1849,79,1
2245,2,1849,80,1
2245,2,1849,81,1
2245,1,1850,82,1
2245,1,1850,83,1
2245,0,1851,84,1
2245,0,1851,85,1
2245,0,1851,86,1
2245,0,1851,87,1
2245,0,1851,88,1
2245,0,1851,89,1
2245,0,1851,90,1
2245,0,1851,91,1
2245,0,1851,92,1
2245,0,1851,93,1
2245,0,1851,94,1
2245,0,1851,95,1
2245,0,1851,96,1
2245,0,1851,97,1
2245,0,1851,98,1
2245,0,1851,99,1
2245,0,1851,100,1
2245,0,1851,101,1
2245,0,1851,102,1
2245,0,1851,103,1
2245,0,1851,104,1
2245,0,1851,105,1
2245,0,1851,106,1
2245,0,1851,107,1
2245,0,1851,108,1
2245,0,1851,109,1
2245,0,1851,110,1
2245,0,1851,111,1
2245,0,1851,112,1
2245,0,1851,113,1
2245,0,1851,114,1
2245,0,1851,115,1
2245,0,1851,116,1
2245,0,1851,117,1
2245,0,1851,118,1
2245,0,1851,119,1
2245,0,1851,120,1
2245,0,1851,121,1
2245,0,1851,122,1
2245,0,1851,123,1
2245,0,1851,124,1
2245,0,1851,125,1
2245,0,1851,126,1
2245,0,1851,127,1
2245,0,1851,128,1
2245,0,1851,129,1
2245,0,1851,130,1
2245,0,1851,131,1
2245,0,1851,132,1
2245,0,1851,133,1
2245,0,1851,134,1
2245,0,1851,135,1
2245,0,1851,136,1
2245,0,1851,137,1
2245,0,1851,138,1
2245,0,1851,139,1
2245,0,1851,140,1
2245,0,1851,141,1
2245,0,1851,142,1
2245,0,1851,143,1
2245,0,1851,144,1
2245,0,1851,145,1
2245,0,1851,146,1
2245,0,1851,147,1
2245,0,1851,148,1
2245,0,1851,149,1
2245,0,1851,150,1
2245,0,1851,151,1
3953,48,0,0,2
3953,48,0,1,2
3942,59,0,2,2
3928,73,0,3,2
3911,90,0,4,2
3891,110,0,5,2
3865,136,0,6,2
3844,157,0,7,2
3822,179,0,8,2
3788,213,0,9,2
3767,234,0,10,2
3746,255,0,11,2
3716,285,0,12,2
3681,320,0,13,2
3642,359,0,14,2
3619,382,0,15,2
3584,369,48,16,2
3545,397,59,17,2
3500,428,73,18,2
3455,456,90,19,2
3413,478,110,20,2
3357,508,136,21,2
3306,538,157,22,2
3262,560,179,23,2
3211,577,213,24,2
3164,603,234,25,2
3108,638,255,26,2
3055,661,285,27,2
3006,675,320,28,2
2955,687,359,29,2
2897,722,382,30,2
2849,735,417,31,2
2804,741,456,32,2
2748,752,501,33,2
2698,757,546,34,2
2639,774,588,35,2
2591,766,644,36,2
2550,756,695,37,2
2505,757,739,38,2
2454,757,790,39,2
2419,745,837,40,2
2377,731,893,41,2
2341,714,946,42,2
2305,701,995,43,2
2277,678,1046,44,2
2251,646,1104,45,2
2223,626,1152,46,2
2198,606,1197,47,2
2174,574,1253,48,2
2150,548,1303,49,2
2126,513,1362,50,2
2122,469,1410,51,2
2117,433,1451,52,2
2109,396,1496,53,2
2102,352,1547,54,2
2098,321,1582,55,2
2092,285,1624,56,2
2088,253,1660,57,2
2085,220,1696,58,2
2084,193,1724,59,2
2084,167,1750,60,2
2084,139,1778,61,2
2084,114,1803,62,2
2084,90,1827,63,2
2081,69,1851,64,2
2080,46,1875,65,2
2080,42,1879,66,2
2080,37,1884,67,2
2079,30,1892,68,2
2079,23,1899,69,2
2079,19,1903,70,2
2079,13,1909,71,2
2079,9,1913,72,2
2079,6,1916,73,2
2079,5,1917,74,2
2079,5,1917,75,2
2079,5,1917,76,2
2079,5,1917,77,2
2079,5,1917,78,2
2079,2,1920,79,2
2079,1,1921,80,2
2079,1,1921,81,2
2079,1,1921,82,2
2079,0,1922,83,2
2079,0,1922,84,2
2079,0,1922,85,2
2079,0,1922,86,2
2079,0,1922,87,2
2079,0,1922,88,2
2079,0,1922,89,2
2079,0,1922,90,2
2079,0,1922,91,2
2079,0,1922,92,2
2079,0,1922,93,2
2079,0,1922,94,2
2079,0,1922,95,2
2079,0,1922,96,2
2079,0,1922,97,2
2079,0,1922,98,2
2079,0,1922,99,2
2079,0,1922,100,2
2079,0,1922,101,2
2079,0,1922,102,2
2079,0,1922,103,2
2079,0,1922,104,2
2079,0,1922,105,2
2079,0,1922,106,2
2079,0,1922,107,2
2079,0,1922,108,2
2079,0,1922,109,2
2079,0,1922,110,2
2079,0,1922,111,2
2079,0,1922,112,2
2079,0,1922,113,2
2079,0,1922,114,2
2079,0,1922,115,2
2079,0,1922,116,2
2079,0,1922,117,2
2079,0,1922,118,2
2079,0,1922,119,2
2079,0,1922,120,2
2079,0,1922,121,2
2079,0,1922,122,2
2079,0,1922,123,2
2079,0,1922,124,2
2079,0,1922,125,2
2079,0,1922,126,2
2079,0,1922,127,2
2079,0,1922,128,2
2079,0,1922,129,2
2079,0,1922,130,2
2079,0,1922,131,2
2079,0,1922,132,2
2079,0,1922,133,2
2079,0,1922,134,2
2079,0,1922,135,2
2079,0,1922,136,2
2079,0,1922,137,2
2079,0,1922,138,2
2079,0,1922,139,2
2079,0,1922,140,2
2079,0,1922,141,2
2079,0,1922,142,2
2079,0,1922,143,2
2079,0,1922,144,2
2079,0,1922,145,2
2079,0,1922,146,2
2079,0,1922,147,2
2079,0,1922,148,2
2079,0,1922,149,2
2079,0,1922,150,2
2079,0,1922,151,2
3829,32,0,0,3
3829,32,0,1,3
3821,40,0,2,3
3811,50,0,3,3
3792,69,0,4,3
3771,90,0,5,3
3751,110,0,6,3
3733,128,0,7,3
3711,150,0,8,3
3686,175,0,9,3
3668,193,0,10,3
3641,220,0,11,3
3609,252,0,12,3
3576,285,0,13,3
3545,316,0,14,3
3508,353,0,15,3
3470,359,32,16,3
3432,389,40,17,3
3386,425,50,18,3
3340,452,69,19,3
3304,467,90,20,3
3262,489,110,21,3
3217,516,128,22,3
3169,542,150,23,3
3117,569,175,24,3
3069,599,193,25,3
3014,627,220,26,3
2958,651,252,27,3
2904,672,285,28,3
2857,688,316,29,3
2791,717,353,30,3
2741,729,391,31,3
2688,744,429,32,3
2636,750,475,33,3
2594,746,521,34,3
2542,762,557,35,3
2505,757,599,36,3
2474,743,644,37,3
2431,738,692,38,3
2397,720,744,39,3
2361,708,792,40,3
2331,683,847,41,3
2298,660,903,42,3
2273,631,957,43,3
2240,617,1004,44,3
2210,581,1070,45,3
2185,556,1120,46,3
2159,529,1173,47,3
2142,494,1225,48,3
2108,486,1267,49,3
2095,447,1319,50,3
2087,418,1356,51,3
2081,393,1387,52,3
2072,359,1430,53,3
2071,326,1464,54,3
2068,293,1500,55,3
2065,266,1530,56,3
2064,234,1563,57,3
2063,210,1588,58,3
2062,178,1621,59,3
2061,149,1651,60,3
2060,125,1676,61,3
2059,100,1702,62,3
2059,83,1719,63,3
2058,50,1753,64,3
2058,37,1766,65,3
2058,29,1774,66,3
2058,23,1780,67,3
2058,14,1789,68,3
2058,13,1790,69,3
2058,10,1793,70,3
2058,7,1796,71,3
2058,6,1797,72,3
2058,5,1798,73,3
2058,4,1799,74,3
2058,3,1800,75,3
2058,2,1801,76,3
2058,1,1802,77,3
2058,1,1802,78,3
2058,0,1803,79,3
2058,0,1803,80,3
2058,0,1803,81,3
2058,0,1803,82,3
2058,0,1803,83,3
2058,0,1803,84,3
2058,0,1803,85,3
2058,0,1803,86,3
2058,0,1803,87,3
2058,0,1803,88,3
2058,0,1803,89,3
2058,0,1803,90,3
2058,0,1803,91,3
2058,0,1803,92,3
2058,0,1803,93,3
2058,0,1803,94,3
2058,0,1803,95,3
2058,0,1803,96,3
2058,0,1803,97,3
2058,0,1803,98,3
2058,0,1803,99,3
2058,0,1803,100,3
2058,0,1803,101,3
2058,0,1803,102,3
2058,0,1803,103,3
2058,0,1803,104,3
2058,0,1803,105,3
2058,0,1803,106,3
2058,0,1803,107,3
2058,0,1803,108,3
2058,0,1803,109,3
2058,0,1803,110,3
2058,0,1803,111,3
2058,0,1803,112,3
2058,0,1803,113,3
2058,0,1803,114,3
2058,0,1803,115,3
2058,0,1803,116,3
2058,0,1803,117,3
2058,0,1803,118,3
2058,0,1803,119,3
2058,0,1803,120,3
2058,0,1803,121,3
2058,0,1803,122,3
2058,0,1803,123,3
2058,0,1803,124,3
2058,0,1803,125,3
2058,0,1803,126,3
2058,0,1803,127,3
2058,0,1803,128,3
2058,0,1803,129,3
2058,0,1803,130,3
2058,0,1803,131,3
2058,0,1803,132,3
2058,0,1803,133,3
2058,0,1803,134,3
2058,0,1803,135,3
2058,0,1803,136,3
2058,0,1803,137,3
2058,0,1803,138,3
2058,0,1803,139,3
2058,0,1803,140,3
2058,0,1803,141,3
2058,0,1803,142,3
2058,0,1803,143,3
2058,0,1803,144,3
2058,0,1803,145,3
2058,0,1803,146,3
2058,0,1803,147,3
2058,0,1803,148,3
2058,0,1803,149,3
2058,0,1803,150,3
2058,0,1803,151,3
4094,29,0,0,4
4094,29,0,1,4
4085,38,0,2,4
4070,53,0,3,4
4051,72,0,4,4
4033,90,0,5,4
4015,108,0,6,4
3998,125,0,7,4
3970,153,0,8,4
3947,176,0,9,4
3919,204,0,10,4
3885,238,0,11,4
3846,277,0,12,4
3808,315,0,13,4
3768,355,0,14,4
3723,400,0,15,4
3680,414,29,16,4
3638,447,38,17,4
3590,480,53,18,4
3535,516,72,19,4
3485,548,90,20,4
3429,586,108,21,4
3381,617,125,22,4
3334,636,153,23,4
3271,676,176,24,4
3230,689,204,25,4
3169,716,238,26,4
3112,734,277,27,4
3063,745,315,28,4
3007,761,355,29,4
2950,773,400,30,4
2900,780,443,31,4
2837,801,485,32,4
2778,812,533,33,4
2735,800,588,34,4
2689,796,638,35,4
2642,787,694,36,4
2596,785,742,37,4
2553,781,789,38,4
2505,766,852,39,4
2469,761,893,40,4
2439,730,954,41,4
2406,706,1011,42,4
2367,696,1060,43,4
2339,668,1116,44,4
2311,639,1173,45,4
2286,614,1223,46,4
2260,577,1286,47,4
2233,545,1345,48,4
2216,519,1388,49,4
2194,495,1434,50,4
2181,461,1481,51,4
2171,425,1527,52,4
2168,385,1570,53,4
2164,341,1618,54,4
2160,309,1654,55,4
2159,280,1684,56,4
2159,247,1717,57,4
2157,210,1756,58,4
2157,182,1784,59,4
2156,155,1812,60,4
2156,130,1837,61,4
2154,106,1863,62,4
2153,80,1890,63,4
2153,63,1907,64,4
2152,42,1929,65,4
2152,29,1942,66,4
2152,19,1952,67,4
2152,16,1955,68,4
2152,12,1959,69,4
2152,8,1963,70,4
2152,7,1964,71,4
2152,7,1964,72,4
2152,5,1966,73,4
2152,5,1966,74,4
2152,4,1967,75,4
2152,4,1967,76,4
2152,2,1969,77,4
2152,1,1970,78,4
2152,1,1970,79,4
2152,0,1971,80,4
2152,0,1971,81,4
2152,0,1971,82,4
2152,0,1971,83,4
2152,0,1971,84,4
2152,0,1971,85,4
2152,0,1971,86,4
2152,0,1971,87,4
2152,0,1971,88,4
2152,0,1971,89,4
2152,0,1971,90,4
2152,0,1971,91,4
2152,0,1971,92,4
2152,0,1971,93,4
2152,0,1971,94,4
2152,0,1971,95,4
2152,0,1971,96,4
2152,0,1971,97,4
2152,0,1971,98,4
2152,0,1971,99,4
2152,0,1971,100,4
2152,0,1971,101,4
2152,0,1971,102,4
2152,0,1971,103,4
2152,0,1971,104,4
2152,0,1971,105,4
2152,0,1971,106,4
2152,0,1971,107,4
2152,0,1971,108,4
2152,0,1971,109,4
2152,0,1971,110,4
2152,0,1971,111,4
2152,0,1971,112,4
2152,0,1971,113,4
2152,0,1971,114,4
2152,0,1971,115,4
2152,0,1971,116,4
2152,0,1971,117,4
2152,0,1971,118,4
2152,0,1971,119,4
2152,0,1971,120,4
2152,0,1971,121,4
2152,0,1971,122,4
2152,0,1971,123,4
2152,0,1971,124,4
2152,0,1971,125,4
2152,0,1971,126,4
2152,0,1971,127,4
2152,0,1971,128,4
2152,0,1971,129,4
2152,0,1971,130,4
2152,0,1971,131,4
2152,0,1971,132,4
2152,0,1971,133,4
2152,0,1971,134,4
2152,0,1971,135,4
2152,0,1971,136,4
2152,0,1971,137,4
2152,0,1971,138,4
2152,0,1971,139,4
2152,0,1971,140,4
2152,0,1971,141,4
2152,0,1971,142,4
2152,0,1971,143,4
2152,0,1971,144,4
2152,0,1971,145,4
2152,0,1971,146,4
2152,0,1971,147,4
2152,0,1971,148,4
2152,0,1971,149,4
2152,0,1971,150,4
2152,0,1971,151,4
3975,43,0,0,5
3975,43,0,1,5
3968,50,0,2,5
3961,57,0,3,5
3946,72,0,4,5
3939,79,0,5,5
3930,88,0,6,5
3911,107,0,7,5
3890,128,0,8,5
3865,153,0,9,5
3848,170,0,10,5
3823,195,0,11,5
3790,228,0,12,5
3760,258,0,13,5
3732,286,0,14,5
3701,317,0,15,5
3667,308,43,16,5
3626,342,50,17,5
3585,376,57,18,5
3537,409,72,19,5
3496,443,79,20,5
3454,476,88,21,5
3408,503,107,22,5
3358,532,128,23,5
3304,561,153,24,5
3243,605,170,25,5
3188,635,195,26,5
3124,666,228,27,5
3064,696,258,28,5
3011,721,286,29,5
2950,751,317,30,5
2898,769,351,31,5
2845,781,392,32,5
2784,801,433,33,5
2722,815,481,34,5
2664,832,522,35,5
2620,834,564,36,5
2562,846,610,37,5
2521,837,660,38,5
2471,833,714,39,5
2418,825,775,40,5
2368,820,830,41,5
2317,807,894,42,5
2273,791,954,43,5
2233,778,1007,44,5
2201,749,1068,45,5
2172,726,1120,46,5
2142,703,1173,47,5
2112,672,1234,48,5
2091,631,1296,49,5
2069,595,1354,50,5
2061,559,1398,51,5
2055,507,1456,52,5
2048,473,1497,53,5
2044,427,1547,54,5
2041,377,1600,55,5
2037,331,1650,56,5
2035,282,1701,57,5
2033,240,1745,58,5
2033,200,1785,59,5
2029,172,1817,60,5
2027,145,1846,61,5
2025,117,1876,62,5
2025,87,1906,63,5
2023,68,1927,64,5
2022,47,1949,65,5
2022,39,1957,66,5
2022,33,1963,67,5
2022,26,1970,68,5
2022,22,1974,69,5
2022,19,1977,70,5
2022,15,1981,71,5
2022,13,1983,72,5
2022,11,1985,73,5
2022,11,1985,74,5
2022,7,1989,75,5
2022,5,1991,76,5
2022,3,1993,77,5
2022,3,1993,78,5
2022,1,1995,79,5
2022,0,1996,80,5
2022,0,1996,81,5
2022,0,1996,82,5
2022,0,1996,83,5
2022,0,1996,84,5
2022,0,1996,85,5
2022,0,1996,86,5
2022,0,1996,87,5
2022,0,1996,88,5
2022,0,1996,89,5
2022,0,1996,90,5
2022,0,1996,91,5
2022,0,1996,92,5
2022,0,1996,93,5
2022,0,1996,94,5
2022,0,1996,95,5
2022,0,1996,96,5
2022,0,1996,97,5
2022,0,1996,98,5
2022,0,1996,99,5
2022,0,1996,100,5
2022,0,1996,101,5
2022,0,1996,102,5
2022,0,1996,103,5
2022,0,1996,104,5
2022,0,1996,105,5
2022,0,1996,106,5
2022,0,1996,107,5
2022,0,1996,108,5
2022,0,1996,109,5
2022,0,1996,110,5
2022,0,1996,111,5
2022,0,1996,112,5
2022,0,1996,113,5
2022,0,1996,114,5
2022,0,1996,115,5
2022,0,1996,116,5
2022,0,1996,117,5
2022,0,1996,118,5
2022,0,1996,119,5
2022,0,1996,120,5
2022,0,1996,121,5
2022,0,1996,122,5
2022,0,1996,123,5
2022,0,1996,124,5
2022,0,1996,125,5
2022,0,1996,126,5
2022,0,1996,127,5
2022,0,1996,128,5
2022,0,1996,129,5
2022,0,1996,130,5
2022,0,1996,131,5
2022,0,1996,132,5
2022,0,1996,133,5
2022,0,1996,134,5
2022,0,1996,135,5
2022,0,1996,136,5
2022,0,1996,137,5
2022,0,1996,138,5
2022,0,1996,139,5
2022,0,1996,140,5
2022,0,1996,141,5
2022,0,1996,142,5
2022,0,1996,143,5
2022,0,1996,144,5
2022,0,1996,145,5
2022,0,1996,146,5
2022,0,1996,147,5
2022,0,1996,148,5
2022,0,1996,149,5
2022,0,1996,150,5
2022,0,1996,151,5
3988,43,0,0,6
3988,43,0,1,6
3976,55,0,2,6
3967,64,0,3,6
3954,77,0,4,6
3940,91,0,5,6
3927,104,0,6,6
3907,124,0,7,6
3884,147,0,8,6
3858,173,0,9,6
3831,200,0,10,6
3804,227,0,11,6
3778,253,0,12,6
3741,290,0,13,6
3716,315,0,14,6
3690,341,0,15,6
3659,329,43,16,6
3626,350,55,17,6
3589,378,64,18,6
3553,401,77,19,6
3506,434,91,20,6
3457,470,104,21,6
3403,504,124,22,6
3357,527,147,23,6
3308,550,173,24,6
3255,576,200,25,6
3197,607,227,26,6
3144,634,253,27,6
3090,651,290,28,6
3029,687,315,29,6
2975,715,341,30,6
2919,740,372,31,6
2851,775,405,32,6
2777,812,442,33,6
2713,840,478,34,6
2671,835,525,35,6
2606,851,574,36,6
2555,848,628,37,6
2512,845,674,38,6
2458,850,723,39,6
2422,833,776,40,6
2385,812,834,41,6
2339,805,887,42,6
2292,798,941,43,6
2256,773,1002,44,6
2218,757,1056,45,6
2182,737,1112,46,6
2151,700,1180,47,6
2119,658,1254,48,6
2092,621,1318,49,6
2071,600,1360,50,6
2062,544,1425,51,6
2059,496,1476,52,6
2056,456,1519,53,6
2052,406,1573,54,6
2048,374,1609,55,6
2040,345,1646,56,6
2036,303,1692,57,6
2033,259,1739,58,6
2030,226,1775,59,6
2026,192,1813,60,6
2026,156,1849,61,6
2026,125,1880,62,6
2026,93,1912,63,6
2026,66,1939,64,6
2026,45,1960,65,6
2026,36,1969,66,6
2026,33,1972,67,6
2026,30,1975,68,6
2026,26,1979,69,6
2026,22,1983,70,6
2026,14,1991,71,6
2026,10,1995,72,6
2026,7,1998,73,6
2026,4,2001,74,6
2026,0,2005,75,6
2026,0,2005,76,6
2026,0,2005,77,6
2026,0,2005,78,6
2026,0,2005,79,6
2026,0,2005,80,6
2026,0,2005,81,6
2026,0,2005,82,6
2026,0,2005,83,6
2026,0,2005,84,6
2026,0,2005,85,6
2026,0,2005,86,6
2026,0,2005,87,6
2026,0,2005,88,6
2026,0,2005,89,6
2026,0,2005,90,6
2026,0,2005,91,6
2026,0,2005,92,6
2026,0,2005,93,6
2026,0,2005,94,6
2026,0,2005,95,6
2026,0,2005,96,6
2026,0,2005,97,6
2026,0,2005,98,6
2026,0,2005,99,6
2026,0,2005,100,6
2026,0,2005,101,6
2026,0,2005,102,6
2026,0,2005,103,6
2026,0,2005,104,6
2026,0,2005,105,6
2026,0,2005,106,6
2026,0,2005,107,6
2026,0,2005,108,6
2026,0,2005,109,6
2026,0,2005,110,6
2026,0,2005,111,6
2026,0,2005,112,6
2026,0,2005,113,6
2026,0,2005,114,6
2026,0,2005,115,6
2026,0,2005,116,6
2026,0,2005,117,6
2026,0,2005,118,6
2026,0,2005,119,6
2026,0,2005,120,6
2026,0,2005,121,6
2026,0,2005,122,6
2026,0,2005,123,6
2026,0,2005,124,6
2026,0,2005,125,6
2026,0,2005,126,6
2026,0,2005,127,6
2026,0,2005,128,6
2026,0,2005,129,6
2026,0,2005,130,6
2026,0,2005,131,6
2026,0,2005,132,6
2026,0,2005,133,6
2026,0,2005,134,6
2026,0,2005,135,6
2026,0,2005,136,6
2026,0,2005,137,6
2026,0,2005,138,6
2026,0,2005,139,6
2026,0,2005,140,6
2026,0,2005,141,6
2026,0,2005,142,6
2026,0,2005,143,6
2026,0,2005,144,6
2026,0,2005,145,6
2026,0,2005,146,6
2026,0,2005,147,6
2026,0,2005,148,6
2026,0,2005,149,6
2026,0,2005,150,6
2026,0,2005,151,6
4100,32,0,0,7
4100,32,0,1,7
4095,37,0,2,7
4090,42,0,3,7
4078,54,0,4,7
4071,61,0,5,7
4060,72,0,6,7
4046,86,0,7,7
4034,98,0,8,7
4019,113,0,9,7
4001,131,0,10,7
3983,149,0,11,7
3966,166,0,12,7
3953,179,0,13,7
3935,197,0,14,7
3909,223,0,15,7
3891,209,32,16,7
3870,225,37,17,7
3836,254,42,18,7
3801,277,54,19,7
3771,300,61,20,7
3735,325,72,21,7
3709,337,86,22,7
3675,359,98,23,7
3642,377,113,24,7
3604,397,131,25,7
3570,413,149,26,7
3534,432,166,27,7
3501,452,179,28,7
3467,468,197,29,7
3423,486,223,30,7
3382,509,241,31,7
3350,520,262,32,7
3315,521,296,33,7
3267,534,331,34,7
3220,551,361,35,7
3178,557,397,36,7
3133,576,423,37,7
3080,595,457,38,7
3045,597,490,39,7
3009,595,528,40,7
2971,599,562,41,7
2934,600,598,42,7
2890,611,631,43,7
2856,611,665,44,7
2822,601,709,45,7
2787,595,750,46,7
2755,595,782,47,7
2722,593,817,48,7
2685,582,865,49,7
2665,555,912,50,7
2647,531,954,51,7
2630,503,999,52,7
2615,465,1052,53,7
2603,442,1087,54,7
2594,415,1123,55,7
2585,386,1161,56,7
2578,356,1198,57,7
2577,313,1242,58,7
2574,282,1276,59,7
2571,251,1310,60,7
2567,220,1345,61,7
2561,194,1377,62,7
2559,163,1410,63,7
2559,126,1447,64,7
2556,109,1467,65,7
2554,93,1485,66,7
2553,77,1502,67,7
2551,64,1517,68,7
2550,53,1529,69,7
2546,48,1538,70,7
2546,39,1547,71,7
2546,32,1554,72,7
2546,31,1555,73,7
2546,28,1558,74,7
2545,26,1561,75,7
2545,22,1565,76,7
2544,17,1571,77,7
2543,16,1573,78,7
2543,16,1573,79,7
2543,13,1576,80,7
2542,12,1578,81,7
2542,11,1579,82,7
2542,9,1581,83,7
2542,8,1582,84,7
2542,4,1586,85,7
2542,4,1586,86,7
2542,4,1586,87,7
2542,4,1586,88,7
2542,4,1586,89,7
2542,3,1587,90,7
2542,3,1587,91,7
2542,2,1588,92,7
2542,1,1589,93,7
2542,1,1589,94,7
2542,1,1589,95,7
2542,0,1590,96,7
2542,0,1590,97,7
2542,0,1590,98,7
2542,0,1590,99,7
2542,0,1590,100,7
2542,0,1590,101,7
2542,0,1590,102,7
2542,0,1590,103,7
2542,0,1590,104,7
2542,0,1590,105,7
2542,0,1590,106,7
2542,0,1590,107,7
2542,0,1590,108,7
2542,0,1590,109,7
2542,0,1590,110,7
2542,0,1590,111,7
2542,0,1590,112,7
2542,0,1590,113,7
2542,0,1590,114,7
2542,0,1590,115,7
2542,0,1590,116,7
2542,0,1590,117,7
2542,0,1590,118,7
2542,0,1590,119,7
2542,0,1590,120,7
2542,0,1590,121,7
2542,0,1590,122,7
2542,0,1590,123,7
2542,0,1590,124,7
2542,0,1590,125,7
2542,0,1590,126,7
2542,0,1590,127,7
2542,0,1590,128,7
2542,0,1590,129,7
2542,0,1590,130,7
2542,0,1590,131,7
2542,0,1590,132,7
2542,0,1590,133,7
2542,0,1590,134,7
2542,0,1590,135,7
2542,0,1590,136,7
2542,0,1590,137,7
2542,0,1590,138,7
2542,0,1590,139,7
2542,0,1590,140,7
2542,0,1590,141,7
2542,0,1590,142,7
2542,0,1590,143,7
2542,0,1590,144,7
2542,0,1590,145,7
2542,0,1590,146,7
2542,0,1590,147,7
2542,0,1590,148,7
2542,0,1590,149,7
2542,0,1590,150,7
2542,0,1590,151,7
4074,27,0,0,8
4074,27,0,1,8
4065,36,0,2,8
4059,42,0,3,8
4047,54,0,4,8
4034,67,0,5,8
4022,79,0,6,8
4001,100,0,7,8
3987,114,0,8,8
3974,127,0,9,8
3953,148,0,10,8
3928,173,0,11,8
3900,201,0,12,8
3878,223,0,13,8
3852,249,0,14,8
3815,286,0,15,8
3776,298,27,16,8
3742,323,36,17,8
3711,348,42,18,8
3670,377,54,19,8
3627,407,67,20,8
3588,434,79,21,8
3540,461,100,22,8
3499,488,114,23,8
3456,518,127,24,8
3404,549,148,25,8
3342,586,173,26,8
3291,609,201,27,8
3244,634,223,28,8
3184,668,249,29,8
3138,677,286,30,8
3087,689,325,31,8
3038,704,359,32,8
2997,714,390,33,8
2947,723,431,34,8
2907,720,474,35,8
2863,725,513,36,8
2811,729,561,37,8
2769,730,602,38,8
2735,721,645,39,8
2697,707,697,40,8
2663,679,759,41,8
2634,657,810,42,8
2600,644,857,43,8
2568,616,917,44,8
2543,595,963,45,8
2518,569,1014,46,8
2488,550,1063,47,8
2470,527,1104,48,8
2445,502,1154,49,8
2423,484,1194,50,8
2414,449,1238,51,8
2404,407,1290,52,8
2398,371,1332,53,8
2397,338,1366,54,8
2394,303,1404,55,8
2391,272,1438,56,8
2391,243,1467,57,8
2390,210,1501,58,8
2389,179,1533,59,8
2389,154,1558,60,8
2389,129,1583,61,8
2389,99,1613,62,8
2389,81,1631,63,8
2389,56,1656,64,8
2389,34,1678,65,8
2389,25,1687,66,8
2389,15,1697,67,8
2389,9,1703,68,8
2389,8,1704,69,8
2389,5,1707,70,8
2389,2,1710,71,8
2389,2,1710,72,8
2389,1,1711,73,8
2389,0,1712,74,8
2389,0,1712,75,8
2389,0,1712,76,8
2389,0,1712,77,8
2389,0,1712,78,8
2389,0,1712,79,8
2389,0,1712,80,8
2389,0,1712,81,8
2389,0,1712,82,8
2389,0,1712,83,8
2389,0,1712,84,8
2389,0,1712,85,8
2389,0,1712,86,8
2389,0,1712,87,8
2389,0,1712,88,8
2389,0,1712,89,8
2389,0,1712,90,8
2389,0,1712,91,8
2389,0,1712,92,8
2389,0,1712,93,8
2389,0,1712,94,8
2389,0,1712,95,8
2389,0,1712,96,8
2389,0,1712,97,8
2389,0,1712,98,8
2389,0,1712,99,8
2389,0,1712,100,8
2389,0,1712,101,8
2389,0,1712,102,8
2389,0,1712,103,8
2389,0,1712,104,8
2389,0,1712,105,8
2389,0,1712,106,8
2389,0,1712,107,8
2389,0,1712,108,8
2389,0,1712,109,8
2389,0,1712,110,8
2389,0,1712,111,8
2389,0,1712,112,8
2389,0,1712,113,8
2389,0,1712,114,8
2389,0,1712,115,8
2389,0,1712,116,8
2389,0,1712,117,8
2389,0,1712,118,8
2389,0,1712,119,8
2389,0,1712,120,8
2389,0,1712,121,8
2389,0,1712,122,8
2389,0,1712,123,8
2389,0,1712,124,8
2389,0,1712,125,8
2389,0,1712,126,8
2389,0,1712,127,8
2389,0,1712,128,8
2389,0,1712,129,8
2389,0,1712,130,8
2389,0,1712,131,8
2389,0,1712,132,8
2389,0,1712,133,8
2389,0,1712,134,8
2389,0,1712,135,8
2389,0,1712,136,8
2389,0,1712,137,8
2389,0,1712,138,8
2389,0,1712,139,8
2389,0,1712,140,8
2389,0,1712,141,8
2389,0,1712,142,8
2389,0,1712,143,8
2389,0,1712,144,8
2389,0,1712,145,8
2389,0,1712,146,8
2389,0,1712,147,8
2389,0,1712,148,8
2389,0,1712,149,8
2389,0,1712,150,8
2389,0,1712,151,8
3985,47,0,0,9
3985,47,0,1,9
3972,60,0,2,9
3957,75,0,3,9
3938,94,0,4,9
3924,108,0,5,9
3900,132,0,6,9
3873,159,0,7,9
3844,188,0,8,9
3806,226,0,9,9
3772,260,0,10,9
3741,291,0,11,9
3704,328,0,12,9
3654,378,0,13,9
3613,419,0,14,9
3560,472,0,15,9
3520,465,47,16,9
3474,498,60,17,9
3428,529,75,18,9
3371,567,94,19,9
3311,613,108,20,9
3252,648,132,21,9
3193,680,159,22,9
3130,714,188,23,9
3069,737,226,24,9
3010,762,260,25,9
2943,798,291,26,9
2876,828,328,27,9
2811,843,378,28,9
2754,859,419,29,9
2692,868,472,30,9
2645,875,512,31,9
2594,880,558,32,9
2543,885,604,33,9
2495,876,661,34,9
2444,867,721,35,9
2405,847,780,36,9
2368,825,839,37,9
2332,798,902,38,9
2300,769,963,39,9
2271,739,1022,40,9
2236,707,1089,41,9
2206,670,1156,42,9
2180,631,1221,43,9
2160,594,1278,44,9
2131,561,1340,45,9
2105,540,1387,46,9
2087,507,1438,47,9
2066,477,1489,48,9
2053,442,1537,49,9
2036,408,1588,50,9
2030,375,1627,51,9
2024,344,1664,52,9
2021,311,1700,53,9
2018,282,1732,54,9
2016,255,1761,55,9
2013,223,1796,56,9
2012,194,1826,57,9
2010,170,1852,58,9
2006,154,1872,59,9
2005,126,1901,60,9
2005,100,1927,61,9
2003,84,1945,62,9
2001,65,1966,63,9
2000,53,1979,64,9
2000,36,1996,65,9
2000,30,2002,66,9
1999,25,2008,67,9
1999,22,2011,68,9
1999,19,2014,69,9
1999,17,2016,70,9
1999,14,2019,71,9
1999,13,2020,72,9
1999,11,2022,73,9
1999,7,2026,74,9
1999,6,2027,75,9
1999,6,2027,76,9
1999,4,2029,77,9
1999,2,2031,78,9
1999,1,2032,79,9
1999,1,2032,80,9
1999,1,2032,81,9
1999,0,2033,82,9
1999,0,2033,83,9
1999,0,2033,84,9
1999,0,2033,85,9
1999,0,2033,86,9
1999,0,2033,87,9
1999,0,2033,88,9
1999,0,2033,89,9
1999,0,2033,90,9
1999,0,2033,91,9
1999,0,2033,92,9
1999,0,2033,93,9
1999,0,2033,94,9
1999,0,2033,95,9
1999,0,2033,96,9
1999,0,2033,97,9
1999,0,2033,98,9
1999,0,2033,99,9
1999,0,2033,100,9
1999,0,2033,101,9
1999,0,2033,102,9
1999,0,2033,103,9
1999,0,2033,104,9
1999,0,2033,105,9
1999,0,2033,106,9
1999,0,2033,107,9
1999,0,2033,108,9
1999,0,2033,109,9
1999,0,2033,110,9
1999,0,2033,111,9
1999,0,2033,112,9
1999,0,2033,113,9
1999,0,2033,114,9
1999,0,2033,115,9
1999,0,2033,116,9
1999,0,2033,117,9
1999,0,2033,118,9
1999,0,2033,119,9
1999,0,2033,120,9
1999,0,2033,121,9
1999,0,2033,122,9
1999,0,2033,123,9
1999,0,2033,124,9
1999,0,2033,125,9
1999,0,2033,126,9
1999,0,2033,127,9
1999,0,2033,128,9
1999,0,2033,129,9
1999,0,2033,130,9
1999,0,2033,131,9
1999,0,2033,132,9
1999,0,2033,133,9
1999,0,2033,134,9
1999,0,2033,135,9
1999,0,2033,136,9
1999,0,2033,137,9
1999,0,2033,138,9
1999,0,2033,139,9
1999,0,2033,140,9
1999,0,2033,141,9
1999,0,2033,142,9
1999,0,2033,143,9
1999,0,2033,144,9
1999,0,2033,145,9
1999,0,2033,146,9
1999,0,2033,147,9
1999,0,2033,148,9
1999,0,2033,149,9
1999,0,2033,150,9
1999,0,2033,151,9
3909,52,0,0,10
3909,52,0,1,10
3900,61,0,2,10
3886,75,0,3,10
3868,93,0,4,10
3851,110,0,5,10
3835,126,0,6,10
3815,146,0,7,10
3787,174,0,8,10
3758,203,0,9,10
3733,228,0,10,10
3713,248,0,11,10
3680,281,0,12,10
3653,308,0,13,10
3608,353,0,14,10
3573,388,0,15,10
3530,379,52,16,10
3493,407,61,17,10
3444,442,75,18,10
3402,466,93,19,10
3348,503,110,20,10
3301,534,126,21,10
3251,564,146,22,10
3217,570,174,23,10
3174,584,203,24,10
3118,615,228,25,10
3073,640,248,26,10
3020,660,281,27,10
2961,692,308,28,10
2910,698,353,29,10
2849,724,388,30,10
2788,742,431,31,10
2724,769,468,32,10
2675,769,517,33,10
2625,777,559,34,10
2582,766,613,35,10
2533,768,660,36,10
2504,747,710,37,10
2458,759,744,38,10
2416,758,787,39,10
2390,728,843,40,10
2350,723,888,41,10
2314,706,941,42,10
2283,678,1000,43,10
2260,650,1051,44,10
2242,607,1112,45,10
2224,564,1173,46,10
2198,526,1237,47,10
2170,505,1286,48,10
2156,469,1336,49,10
2142,440,1379,50,10
2129,404,1428,51,10
2122,382,1457,52,10
2113,345,1503,53,10
2113,303,1545,54,10
2111,279,1571,55,10
2108,242,1611,56,10
2103,211,1647,57,10
2101,182,1678,58,10
2101,159,1701,59,10
2099,143,1719,60,10
2097,127,1737,61,10
2097,101,1763,62,10
2096,74,1791,63,10
2095,61,1805,64,10
2095,47,1819,65,10
2095,34,1832,66,10
2095,27,1839,67,10
2094,19,1848,68,10
2094,19,1848,69,10
2094,17,1850,70,10
2094,14,1853,71,10
2094,9,1858,72,10
2094,7,1860,73,10
2094,7,1860,74,10
2094,5,1862,75,10
2094,3,1864,76,10
2094,3,1864,77,10
2094,2,1865,78,10
2094,1,1866,79,10
2094,1,1866,80,10
2094,1,1866,81,10
2094,1,1866,82,10
2094,0,1867,83,10
2094,0,1867,84,10
2094,0,1867,85,10
2094,0,1867,86,10
2094,0,1867,87,10
2094,0,1867,88,10
2094,0,1867,89,10
2094,0,1867,90,10
2094,0,1867,91,10
2094,0,1867,92,10
2094,0,1867,93,10
2094,0,1867,94,10
2094,0,1867,95,10
2094,0,1867,96,10
2094,0,1867,97,10
2094,0,1867,98,10
2094,0,1867,99,10
2094,0,1867,100,10
2094,0,1867,101,10
2094,0,1867,102,10
2094,0,1867,103,10
2094,0,1867,104,10
2094,0,1867,105,10
2094,0,1867,106,10
2094,0,1867,107,10
2094,0,1867,108,10
2094,0,1867,109,10
2094,0,1867,110,10
2094,0,1867,111,10
2094,0,1867,112,10
2094,0,1867,113,10
2094,0,1867,114,10
2094,0,1867,115,10
2094,0,1867,116,10
2094,0,1867,117,10
2094,0,1867,118,10
2094,0,1867,119,10
2094,0,1867,120,10
2094,0,1867,121,10
2094,0,1867,122,10
2094,0,1867,123,10
2094,0,1867,124,10
2094,0,1867,125,10
2094,0,1867,126,10
2094,0,1867,127,10
2094,0,1867,128,10
2094,0,1867,129,10
2094,0,1867,130,10
2094,0,1867,131,10
2094,0,1867,132,10
2094,0,1867,133,10
2094,0,1867,134,10
2094,0,1867,135,10
2094,0,1867,136,10
2094,0,1867,137,10
2094,0,1867,138,10
2094,0,1867,139,10
2094,0,1867,140,10
2094,0,1867,141,10
2094,0,1867,142,10
2094,0,1867,143,10
2094,0,1867,144,10
2094,0,1867,145,10
2094,0,1867,146,10
2094,0,1867,147,10
2094,0,1867,148,10
2094,0,1867,149,10
2094,0,1867,150,10
2094,0,1867,151,10
3868,47,0,0,11
3868,47,0,1,11
3858,57,0,2,11
3845,70,0,3,11
3836,79,0,4,11
3824,91,0,5,11
3804,111,0,6,11
3780,135,0,7,11
3751,164,0,8,11
3724,191,0,9,11
3685,230,0,10,11
3654,261,0,11,11
3610,305,0,12,11
3568,347,0,13,11
3527,388,0,14,11
3484,431,0,15,11
3435,433,47,16,11
3377,481,57,17,11
3322,523,70,18,11
3264,572,79,19,11
3190,634,91,20,11
3126,678,111,21,11
3059,721,135,22,11
2981,770,164,23,11
2901,823,191,24,11
2835,850,230,25,11
2764,890,261,26,11
2691,919,305,27,11
2636,932,347,28,11
2573,954,388,29,11
2510,974,431,30,11
2461,974,480,31,11
2416,961,538,32,11
2359,963,593,33,11
2309,955,651,34,11
2268,922,725,35,11
2226,900,789,36,11
2183,876,856,37,11
2150,831,934,38,11
2117,784,1014,39,11
2090,745,1080,40,11
2059,705,1151,41,11
2032,659,1224,42,11
2004,632,1279,43,11
1975,598,1342,44,11
1963,547,1405,45,11
1948,513,1454,46,11
1927,489,1499,47,11
1916,443,1556,48,11
1907,402,1606,49,11
1898,370,1647,50,11
1894,332,1689,51,11
1889,294,1732,52,11
1886,264,1765,53,11
1885,232,1798,54,11
1883,207,1825,55,11
1880,179,1856,56,11
1878,154,1883,57,11
1876,128,1911,58,11
1874,101,1940,59,11
1873,90,1952,60,11
1873,75,1967,61,11
1873,54,1988,62,11
1872,44,1999,63,11
1870,37,2008,64,11
1869,29,2017,65,11
1869,25,2021,66,11
1869,20,2026,67,11
1869,17,2029,68,11
1869,16,2030,69,11
1869,14,2032,70,11
1869,11,2035,71,11
1869,9,2037,72,11
1869,7,2039,73,11
1869,5,2041,74,11
1869,4,2042,75,11
1869,4,2042,76,11
1869,4,2042,77,11
1869,3,2043,78,11
1869,1,2045,79,11
1869,0,2046,80,11
1869,0,2046,81,11
1869,0,2046,82,11
1869,0,2046,83,11
1869,0,2046,84,11
1869,0,2046,85,11
1869,0,2046,86,11
1869,0,2046,87,11
1869,0,2046,88,11
1869,0,2046,89,11
1869,0,2046,90,11
1869,0,2046,91,11
1869,0,2046,92,11
1869,0,2046,93,11
1869,0,2046,94,11
1869,0,2046,95,11
1869,0,2046,96,11
1869,0,2046,97,11
1869,0,2046,98,11
1869,0,2046,99,11
1869,0,2046,100,11
1869,0,2046,101,11
1869,0,2046,102,11
1869,0,2046,103,11
1869,0,2046,104,11
1869,0,2046,105,11
1869,0,2046,106,11
1869,0,2046,107,11
1869,0,2046,108,11
1869,0,2046,109,11
1869,0,2046,110,11
1869,0,2046,111,11
1869,0,2046,112,11
1869,0,2046,113,11
1869,0,2046,114,11
1869,0,2046,115,11
1869,0,2046,116,11
1869,0,2046,117,11
1869,0,2046,118,11
1869,0,2046,119,11
1869,0,2046,120,11
1869,0,2046,121,11
1869,0,2046,122,11
1869,0,2046,123,11
1869,0,2046,124,11
1869,0,2046,125,11
1869,0,2046,126,11
1869,0,2046,127,11
1869,0,2046,128,11
1869,0,2046,129,11
1869,0,2046,130,11
1869,0,2046,131,11
1869,0,2046,132,11
1869,0,2046,133,11
1869,0,2046,134,11
1869,0,2046,135,11
1869,0,2046,136,11
1869,0,2046,137,11
1869,0,2046,138,11
1869,0,2046,139,11
1869,0,2046,140,11
1869,0,2046,141,11
1869,0,2046,142,11
1869,0,2046,143,11
1869,0,2046,144,11
1869,0,2046,145,11
1869,0,2046,146,11
1869,0,2046,147,11
1869,0,2046,148,11
1869,0,2046,149,11
1869,0,2046,150,11
1869,0,2046,151,11
4010,37,0,0,12
4010,37,0,1,12
4005,42,0,2,12
3993,54,0,3,12
3976,71,0,4,12
3963,84,0,5,12
3942,105,0,6,12
3927,120,0,7,12
3908,139,0,8,12
3893,154,0,9,12
3869,178,0,10,12
3850,197,0,11,12
3831,216,0,12,12
3810,237,0,13,12
3786,261,0,14,12
3755,292,0,15,12
3732,278,37,16,12
3694,311,42,17,12
3671,322,54,18,12
3639,337,71,19,12
3597,366,84,20,12
3553,389,105,21,12
3502,425,120,22,12
3426,482,139,23,12
3383,510,154,24,12
3333,536,178,25,12
3276,574,197,26,12
3211,620,216,27,12
3144,666,237,28,12
3088,698,261,29,12
3022,733,292,30,12
2962,770,315,31,12
2905,789,353,32,12
2833,838,376,33,12
2778,861,408,34,12
2711,886,450,35,12
2649,904,494,36,12
2597,905,545,37,12
2561,865,621,38,12
2508,875,664,39,12
2460,873,714,40,12
2422,854,771,41,12
2381,830,836,42,12
2344,800,903,43,12
2309,779,959,44,12
2271,751,1025,45,12
2236,726,1085,46,12
2202,703,1142,47,12
2178,655,1214,48,12
2155,623,1269,49,12
2139,572,1336,50,12
2130,519,1398,51,12
2123,474,1450,52,12
2118,443,1486,53,12
2111,397,1539,54,12
2107,353,1587,55,12
2100,322,1625,56,12
2096,285,1666,57,12
2094,250,1703,58,12
2094,215,1738,59,12
2090,181,1776,60,12
2089,147,1811,61,12
2088,114,1845,62,12
2088,90,1869,63,12
2085,70,1892,64,12
2085,54,1908,65,12
2085,45,1917,66,12
2084,39,1924,67,12
2084,34,1929,68,12
2082,29,1936,69,12
2081,26,1940,70,12
2081,19,1947,71,12
2081,15,1951,72,12
2080,14,1953,73,12
2080,14,1953,74,12
2080,10,1957,75,12
2080,9,1958,76,12
2080,8,1959,77,12
2080,8,1959,78,12
2080,5,1962,79,12
2080,5,1962,80,12
2080,5,1962,81,12
2080,4,1963,82,12
2080,4,1963,83,12
2080,2,1965,84,12
2080,1,1966,85,12
2080,1,1966,86,12
2080,1,1966,87,12
2080,0,1967,88,12
2080,0,1967,89,12
2080,0,1967,90,12
2080,0,1967,91,12
2080,0,1967,92,12
2080,0,1967,93,12
2080,0,1967,94,12
2080,0,1967,95,12
2080,0,1967,96,12
2080,0,1967,97,12
2080,0,1967,98,12
2080,0,1967,99,12
2080,0,1967,100,12
2080,0,1967,101,12
2080,0,1967,102,12
2080,0,1967,103,12
2080,0,1967,104,12
2080,0,1967,105,12
2080,0,1967,106,12
2080,0,1967,107,12
2080,0,1967,108,12
2080,0,1967,109,12
2080,0,1967,110,12
2080,0,1967,111,12
2080,0,1967,112,12
2080,0,1967,113,12
2080,0,1967,114,12
2080,0,1967,115,12
2080,0,1967,116,12
2080,0,1967,117,12
2080,0,1967,118,12
2080,0,1967,119,12
2080,0,1967,120,12
2080,0,1967,121,12
2080,0,1967,122,12
2080,0,1967,123,12
2080,0,1967,124,12
2080,0,1967,125,12
2080,0,1967,126,12
2080,0,1967,127,12
2080,0,1967,128,12
2080,0,1967,129,12
2080,0,1967,130,12
2080,0,1967,131,12
2080,0,1967,132,12
2080,0,1967,133,12
2080,0,1967,134,12
2080,0,1967,135,12
2080,0,1967,136,12
2080,0,1967,137,12
2080,0,1967,138,12
2080,0,1967,139,12
2080,0,1967,140,12
2080,0,1967,141,12
2080,0,1967,142,12
2080,0,1967,143,12
2080,0,1967,144,12
2080,0,1967,145,12
2080,0,1967,146,12
2080,0,1967,147,12
2080,0,1967,148,12
2080,0,1967,149,12
2080,0,1967,150,12
2080,0,1967,151,12
4039,31,0,0,13
4039,31,0,1,13
4034,36,0,2,13
4027,43,0,3,13
4015,55,0,4,13
4004,66,0,5,13
3988,82,0,6,13
3977,93,0,7,13
3968,102,0,8,13
3953,117,0,9,13
3942,128,0,10,13
3925,145,0,11,13
3900,170,0,12,13
3882,188,0,13,13
3856,214,0,14,13
3831,239,0,15,13
3804,235,31,16,13
3779,255,36,17,13
3747,280,43,18,13
3708,307,55,19,13
3674,330,66,20,13
3639,349,82,21,13
3605,372,93,22,13
3563,405,102,23,13
3519,434,117,24,13
3471,471,128,25,13
3417,508,145,26,13
3368,532,170,27,13
3320,562,188,28,13
3269,587,214,29,13
3215,616,239,30,13
3162,642,266,31,13
3098,681,291,32,13
3055,692,323,33,13
3007,701,362,34,13
2968,706,396,35,13
2923,716,431,36,13
2879,726,465,37,13
2832,731,507,38,13
2787,732,551,39,13
2748,723,599,40,13
2711,706,653,41,13
2677,691,702,42,13
2640,680,750,43,13
2605,664,801,44,13
2575,640,855,45,13
2550,612,908,46,13
2520,578,972,47,13
2501,554,1015,48,13
2472,535,1063,49,13
2447,521,1102,50,13
2441,482,1147,51,13
2432,447,1191,52,13
2424,408,1238,53,13
2416,371,1283,54,13
2410,338,1322,55,13
2403,308,1359,56,13
2399,278,1393,57,13
2395,245,1430,58,13
2388,217,1465,59,13
2382,193,1495,60,13
2377,173,1520,61,13
2377,143,1550,62,13
2372,129,1569,63,13
2372,100,1598,64,13
2370,77,1623,65,13
2368,73,1629,66,13
2366,66,1638,67,13
2363,61,1646,68,13
2363,53,1654,69,13
2361,49,1660,70,13
2360,43,1667,71,13
2360,39,1671,72,13
2360,35,1675,73,13
2359,29,1682,74,13
2359,23,1688,75,13
2359,18,1693,76,13
2359,18,1693,77,13
2358,14,1698,78,13
2358,14,1698,79,13
2358,12,1700,80,13
2358,10,1702,81,13
2358,8,1704,82,13
2358,5,1707,83,13
2358,5,1707,84,13
2358,3,1709,85,13
2358,2,1710,86,13
2358,2,1710,87,13
2358,2,1710,88,13
2358,1,1711,89,13
2358,1,1711,90,13
2358,1,1711,91,13
2358,1,1711,92,13
2358,0,1712,93,13
2358,0,1712,94,13
2358,0,1712,95,13
2358,0,1712,96,13
2358,0,1712,97,13
2358,0,1712,98,13
2358,0,1712,99,13
2358,0,1712,100,13
2358,0,1712,101,13
2358,0,1712,102,13
2358,0,1712,103,13
2358,0,1712,104,13
2358,0,1712,105,13
2358,0,1712,106,13
2358,0,1712,107,13
2358,0,1712,108,13
2358,0,1712,109,13
2358,0,1712,110,13
2358,0,1712,111,13
2358,0,1712,112,13
2358,0,1712,113,13
2358,0,1712,114,13
2358,0,1712,115,13
2358,0,1712,116,13
2358,0,1712,117,13
2358,0,1712,118,13
2358,0,1712,119,13
2358,0,1712,120,13
2358,0,1712,121,13
2358,0,1712,122,13
2358,0,1712,123,13
2358,0,1712,124,13
2358,0,1712,125,13
2358,0,1712,126,13
2358,0,1712,127,13
2358,0,1712,128,13
2358,0,1712,129,13
2358,0,1712,130,13
2358,0,1712,131,13
2358,0,1712,132,13
2358,0,1712,133,13
2358,0,1712,134,13
2358,0,1712,135,13
2358,0,1712,136,13
2358,0,1712,137,13
2358,0,1712,138,13
2358,0,1712,139,13
2358,0,1712,140,13
2358,0,1712,141,13
2358,0,1712,142,13
2358,0,1712,143,13
2358,0,1712,144,13
2358,0,1712,145,13
2358,0,1712,146,13
2358,0,1712,147,13
2358,0,1712,148,13
2358,0,1712,149,13
2358,0,1712,150,13
2358,0,1712,151,13
3982,36,0,0,14
3982,36,0,1,14
3975,43,0,2,14
3960,58,0,3,14
3945,73,0,4,14
3932,86,0,5,14
3911,107,0,6,14
3893,125,0,7,14
3868,150,0,8,14
3845,173,0,9,14
3821,197,0,10,14
3785,233,0,11,14
3757,261,0,12,14
3721,297,0,13,14
3688,330,0,14,14
3646,372,0,15,14
3604,378,36,16,14
3559,416,43,17,14
3521,439,58,18,14
3463,482,73,19,14
3395,537,86,20,14
3345,566,107,21,14
3287,606,125,22,14
3227,641,150,23,14
3155,690,173,24,14
3106,715,197,25,14
3046,739,233,26,14
2983,774,261,27,14
2931,790,297,28,14
2869,819,330,29,14
2805,841,372,30,14
2738,866,414,31,14
2681,878,459,32,14
2618,903,497,33,14
2564,899,555,34,14
2509,886,623,35,14
2457,888,673,36,14
2402,885,731,37,14
2352,875,791,38,14
2310,845,863,39,14
2277,829,912,40,14
2242,804,972,41,14
2206,777,1035,42,14
2183,748,1087,43,14
2149,720,1149,44,14
2121,684,1213,45,14
2089,649,1280,46,14
2061,620,1337,47,14
2036,582,1400,48,14
2011,553,1454,49,14
1989,520,1509,50,14
1975,482,1561,51,14
1971,431,1616,52,14
1967,385,1666,53,14
1965,345,1708,54,14
1959,318,1741,55,14
1954,288,1776,56,14
1953,253,1812,57,14
1948,235,1835,58,14
1947,202,1869,59,14
1944,177,1897,60,14
1941,148,1929,61,14
1938,123,1957,62,14
1936,100,1982,63,14
1935,76,2007,64,14
1935,54,2029,65,14
1935,40,2043,66,14
1935,36,2047,67,14
1935,32,2051,68,14
1935,30,2053,69,14
1935,24,2059,70,14
1935,19,2064,71,14
1935,18,2065,72,14
1935,13,2070,73,14
1935,12,2071,74,14
1935,9,2074,75,14
1935,6,2077,76,14
1935,3,2080,77,14
1935,1,2082,78,14
1935,0,2083,79,14
1935,0,2083,80,14
1935,0,2083,81,14
1935,0,2083,82,14
1935,0,2083,83,14
1935,0,2083,84,14
1935,0,2083,85,14
1935,0,2083,86,14
1935,0,2083,87,14
1935,0,2083,88,14
1935,0,2083,89,14
1935,0,2083,90,14
1935,0,2083,91,14
1935,0,2083,92,14
1935,0,2083,93,14
1935,0,2083,94,14
1935,0,2083,95,14
1935,0,2083,96,14
1935,0,2083,97,14
1935,0,2083,98,14
1935,0,2083,99,14
1935,0,2083,100,14
1935,0,2083,101,14
1935,0,2083,102,14
1935,0,2083,103,14
1935,0,2083,104,14
1935,0,2083,105,14
1935,0,2083,106,14
1935,0,2083,107,14
1935,0,2083,108,14
1935,0,2083,109,14
1935,0,2083,110,14
1935,0,2083,111,14
1935,0,2083,112,14
1935,0,2083,113,14
1935,0,2083,114,14
1935,0,2083,115,14
1935,0,2083,116,14
1935,0,2083,117,14
1935,0,2083,118,14
1935,0,2083,119,14
1935,0,2083,120,14
1935,0,2083,121,14
1935,0,2083,122,14
1935,0,2083,123,14
1935,0,2083,124,14
1935,0,2083,125,14
1935,0,2083,126,14
1935,0,2083,127,14
1935,0,2083,128,14
1935,0,2083,129,14
1935,0,2083,130,14
1935,0,2083,131,14
1935,0,2083,132,14
1935,0,2083,133,14
1935,0,2083,134,14
1935,0,2083,135,14
1935,0,2083,136,14
1935,0,2083,137,14
1935,0,2083,138,14
1935,0,2083,139,14
1935,0,2083,140,14
1935,0,2083,141,14
1935,0,2083,142,14
1935,0,2083,143,14
1935,0,2083,144,14
1935,0,2083,145,14
1935,0,2083,146,14
1935,0,2083,147,14
1935,0,2083,148,14
1935,0,2083,149,14
1935,0,2083,150,14
1935,0,2083,151,14
3877,32,0,0,15
3877,32,0,1,15
3865,44,0,2,15
3855,54,0,3,15
3848,61,0,4,15
3838,71,0,5,15
3819,90,0,6,15
3802,107,0,7,15
3771,138,0,8,15
3754,155,0,9,15
3728,181,0,10,15
3702,207,0,11,15
3669,240,0,12,15
3636,273,0,13,15
3599,310,0,14,15
3568,341,0,15,15
3526,351,32,16,15
3482,383,44,17,15
3438,417,54,18,15
3398,450,61,19,15
3352,486,71,20,15
3308,511,90,21,15
3255,547,107,22,15
3212,559,138,23,15
3166,588,155,24,15
3107,621,181,25,15
3055,647,207,26,15
2997,672,240,27,15
2941,695,273,28,15
2898,701,310,29,15
2836,732,341,30,15
2784,742,383,31,15
2728,754,427,32,15
2661,777,471,33,15
2621,777,511,34,15
2570,782,557,35,15
2517,791,601,36,15
2467,788,654,37,15
2428,784,697,38,15
2391,775,743,39,15
2362,745,802,40,15
2326,729,854,41,15
2295,702,912,42,15
2269,672,968,43,15
2244,654,1011,44,15
2225,611,1073,45,15
2201,583,1125,46,15
2184,544,1181,47,15
2170,491,1248,48,15
2152,469,1288,49,15
2141,429,1339,50,15
2137,380,1392,51,15
2134,333,1442,52,15
2130,298,1481,53,15
2126,265,1518,54,15
2123,239,1547,55,15
2122,204,1583,56,15
2121,174,1614,57,15
2120,149,1640,58,15
2120,124,1665,59,15
2120,105,1684,60,15
2119,82,1708,61,15
2119,65,1725,62,15
2118,52,1739,63,15
2117,35,1757,64,15
2117,24,1768,65,15
2117,20,1772,66,15
2117,17,1775,67,15
2117,13,1779,68,15
2117,9,1783,69,15
2117,6,1786,70,15
2117,5,1787,71,15
2117,4,1788,72,15
2117,3,1789,73,15
2117,3,1789,74,15
2117,3,1789,75,15
2117,2,1790,76,15
2117,2,1790,77,15
2117,1,1791,78,15
2117,0,1792,79,15
2117,0,1792,80,15
2117,0,1792,81,15
2117,0,1792,82,15
2117,0,1792,83,15
2117,0,1792,84,15
2117,0,1792,85,15
2117,0,1792,86,15
2117,0,1792,87,15
2117,0,1792,88,15
2117,0,1792,89,15
2117,0,1792,90,15
2117,0,1792,91,15
2117,0,1792,92,15
2117,0,1792,93,15
2117,0,1792,94,15
2117,0,1792,95,15
2117,0,1792,96,15
2117,0,1792,97,15
2117,0,1792,98,15
2117,0,1792,99,15
2117,0,1792,100,15
2117,0,1792,101,15
2117,0,1792,102,15
2117,0,1792,103,15
2117,0,1792,104,15
2117,0,1792,105,15
2117,0,1792,106,15
2117,0,1792,107,15
2117,0,1792,108,15
2117,0,1792,109,15
2117,0,1792,110,15
2117,0,1792,111,15
2117,0,1792,112,15
2117,0,1792,113,15
2117,0,1792,114,15
2117,0,1792,115,15
2117,0,1792,116,15
2117,0,1792,117,15
2117,0,1792,118,15
2117,0,1792,119,15
2117,0,1792,120,15
2117,0,1792,121,15
2117,0,1792,122,15
2117,0,1792,123,15
2117,0,1792,124,15
2117,0,1792,125,15
2117,0,1792,126,15
2117,0,1792,127,15
2117,0,1792,128,15
2117,0,1792,129,15
2117,0,1792,130,15
2117,0,1792,131,15
2117,0,1792,132,15
2117,0,1792,133,15
2117,0,1792,134,15
2117,0,1792,135,15
2117,0,1792,136,15
2117,0,1792,137,15
2117,0,1792,138,15
2117,0,1792,139,15
2117,0,1792,140,15
2117,0,1792,141,15
2117,0,1792,142,15
2117,0,1792,143,15
2117,0,1792,144,15
2117,0,1792,145,15
2117,0,1792,146,15
2117,0,1792,147,15
2117,0,1792,148,15
2117,0,1792,149,15
2117,0,1792,150,15
2117,0,1792,151,15
3898,29,0,0,16
3898,29,0,1,16
3893,34,0,2,16
3884,43,0,3,16
3873,54,0,4,16
3858,69,0,5,16
3839,88,0,6,16
3828,99,0,7,16
3802,125,0,8,16
3785,142,0,9,16
3768,159,0,10,16
3751,176,0,11,16
3723,204,0,12,16
3698,229,0,13,16
3671,256,0,14,16
3646,281,0,15,16
3620,278,29,16,16
3590,303,34,17,16
3572,312,43,18,16
3547,326,54,19,16
3509,349,69,20,16
3477,362,88,21,16
3434,394,99,22,16
3402,400,125,23,16
3361,424,142,24,16
3324,444,159,25,16
3283,468,176,26,16
3232,491,204,27,16
3184,514,229,28,16
3146,525,256,29,16
3099,547,281,30,16
3059,561,307,31,16
3021,569,337,32,16
2973,599,355,33,16
2935,612,380,34,16
2899,610,418,35,16
2865,612,450,36,16
2835,599,493,37,16
2793,609,525,38,16
2758,603,566,39,16
2732,592,603,40,16
2698,585,644,41,16
2661,571,695,42,16
2629,555,743,43,16
2606,540,781,44,16
2586,513,828,45,16
2553,506,868,46,16
2522,499,906,47,16
2488,485,954,48,16
2464,471,992,49,16
2439,460,1028,50,16
2430,435,1062,51,16
2422,413,1092,52,16
2419,374,1134,53,16
2414,344,1169,54,16
2411,321,1195,55,16
2406,292,1229,56,16
2405,256,1266,57,16
2403,226,1298,58,16
2403,203,1321,59,16
2402,184,1341,60,16
2402,151,1374,61,16
2402,120,1405,62,16
2402,86,1439,63,16
2402,62,1463,64,16
2402,37,1488,65,16
2402,28,1497,66,16
2402,20,1505,67,16
2402,17,1508,68,16
2402,12,1513,69,16
2402,9,1516,70,16
2402,4,1521,71,16
2402,3,1522,72,16
2402,1,1524,73,16
2402,1,1524,74,16
2402,0,1525,75,16
2402,0,1525,76,16
2402,0,1525,77,16
2402,0,1525,78,16
2402,0,1525,79,16
2402,0,1525,80,16
2402,0,1525,81,16
2402,0,1525,82,16
2402,0,1525,83,16
2402,0,1525,84,16
2402,0,1525,85,16
2402,0,1525,86,16
2402,0,1525,87,16
2402,0,1525,88,16
2402,0,1525,89,16
2402,0,1525,90,16
2402,0,1525,91,16
2402,0,1525,92,16
2402,0,1525,93,16
2402,0,1525,94,16
2402,0,1525,95,16
2402,0,1525,96,16
2402,0,1525,97,16
2402,0,1525,98,16
2402,0,1525,99,16
2402,0,1525,100,16
2402,0,1525,101,16
2402,0,1525,102,16
2402,0,1525,103,16
2402,0,1525,104,16
2402,0,1525,105,16
2402,0,1525,106,16
2402,0,1525,107,16
2402,0,1525,108,16
2402,0,1525,109,16
2402,0,1525,110,16
2402,0,1525,111,16
2402,0,1525,112,16
2402,0,1525,113,16
2402,0,1525,114,16
2402,0,1525,115,16
2402,0,1525,116,16
2402,0,1525,117,16
2402,0,1525,118,16
2402,0,1525,119,16
2402,0,1525,120,16
2402,0,1525,121,16
2402,0,1525,122,16
2402,0,1525,123,16
2402,0,1525,124,16
2402,0,1525,125,16
2402,0,1525,126,16
2402,0,1525,127,16
2402,0,1525,128,16
2402,0,1525,129,16
2402,0,1525,130,16
2402,0,1525,131,16
2402,0,1525,132,16
2402,0,1525,133,16
2402,0,1525,134,16
2402,0,1525,135,16
2402,0,1525,136,16
2402,0,1525,137,16
2402,0,1525,138,16
2402,0,1525,139,16
2402,0,1525,140,16
2402,0,1525,141,16
2402,0,1525,142,16
2402,0,1525,143,16
2402,0,1525,144,16
2402,0,1525,145,16
2402,0,1525,146,16
2402,0,1525,147,16
2402,0,1525,148,16
2402,0,1525,149,16
2402,0,1525,150,16
2402,0,1525,151,16
3934,31,0,0,17
3934,31,0,1,17
3923,42,0,2,17
3912,53,0,3,17
3896,69,0,4,17
3882,83,0,5,17
3866,99,0,6,17
3847,118,0,7,17
3832,133,0,8,17
3815,150,0,9,17
3798,167,0,10,17
3778,187,0,11,17
3758,207,0,12,17
3733,232,0,13,17
3708,257,0,14,17
3682,283,0,15,17
3654,280,31,16,17
3622,301,42,17,17
3592,320,53,18,17
3555,341,69,19,17
3524,358,83,20,17
3479,387,99,21,17
3435,412,118,22,17
3382,450,133,23,17
3338,477,150,24,17
3303,495,167,25,17
3254,524,187,26,17
3204,554,207,27,17
3150,583,232,28,17
3098,610,257,29,17
3033,649,283,30,17
2980,674,311,31,17
2923,699,343,32,17
2876,716,373,33,17
2829,726,410,34,17
2783,741,441,35,17
2734,745,486,36,17
2693,742,530,37,17
2660,722,583,38,17
2610,728,627,39,17
2571,732,662,40,17
2537,717,711,41,17
2506,698,761,42,17
2483,667,815,43,17
2463,635,867,44,17
2425,608,932,45,17
2394,586,985,46,17
2363,560,1042,47,17
2343,533,1089,48,17
2335,494,1136,49,17
2309,474,1182,50,17
2304,430,1231,51,17
2294,399,1272,52,17
2290,370,1305,53,17
2283,327,1355,54,17
2276,295,1394,55,17
2271,266,1428,56,17
2268,238,1459,57,17
2266,217,1482,58,17
2263,200,1502,59,17
2261,164,1540,60,17
2257,137,1571,61,17
2256,107,1602,62,17
2256,87,1622,63,17
2255,80,1630,64,17
2254,55,1656,65,17
2253,51,1661,66,17
2253,41,1671,67,17
2253,37,1675,68,17
2253,30,1682,69,17
2253,23,1689,70,17
2253,18,1694,71,17
2252,16,1697,72,17
2252,14,1699,73,17
2252,11,1702,74,17
2251,10,1704,75,17
2251,6,1708,76,17
2251,5,1709,77,17
2251,5,1709,78,17
2251,4,1710,79,17
2251,3,1711,80,17
2251,2,1712,81,17
2251,2,1712,82,17
2251,2,1712,83,17
2251,2,1712,84,17
2251,2,1712,85,17
2250,3,1712,86,17
2250,2,1713,87,17
2250,2,1713,88,17
2250,2,1713,89,17
2250,1,1714,90,17
2250,1,1714,91,17
2250,1,1714,92,17
2250,1,1714,93,17
2250,1,1714,94,17
2250,1,1714,95,17
2250,1,1714,96,17
2250,1,1714,97,17
2250,1,1714,98,17
2250,1,1714,99,17
2250,1,1714,100,17
2250,0,1715,101,17
2250,0,1715,102,17
2250,0,1715,103,17
2250,0,1715,104,17
2250,0,1715,105,17
2250,0,1715,106,17
2250,0,1715,107,17
2250,0,1715,108,17
2250,0,1715,109,17
2250,0,1715,110,17
2250,0,1715,111,17
2250,0,1715,112,17
2250,0,1715,113,17
2250,0,1715,114,17
2250,0,1715,115,17
2250,0,1715,116,17
2250,0,1715,117,17
2250,0,1715,118,17
2250,0,1715,119,17
2250,0,1715,120,17
2250,0,1715,121,17
2250,0,1715,122,17
2250,0,1715,123,17
2250,0,1715,124,17
2250,0,1715,125,17
2250,0,1715,126,17
2250,0,1715,127,17
2250,0,1715,128,17
2250,0,1715,129,17
2250,0,1715,130,17
2250,0,1715,131,17
2250,0,1715,132,17
2250,0,1715,133,17
2250,0,1715,134,17
2250,0,1715,135,17
2250,0,1715,136,17
2250,0,1715,137,17
2250,0,1715,138,17
2250,0,1715,139,17
2250,0,1715,140,17
2250,0,1715,141,17
2250,0,1715,142,17
2250,0,1715,143,17
2250,0,1715,144,17
2250,0,1715,145,17
2250,0,1715,146,17
2250,0,1715,147,17
2250,0,1715,148,17
2250,0,1715,149,17
2250,0,1715,150,17
2250,0,1715,151,17
3843,39,0,0,18
3843,39,0,1,18
3836,46,0,2,18
3827,55,0,3,18
3813,69,0,4,18
3802,80,0,5,18
3780,102,0,6,18
3764,118,0,7,18
3743,139,0,8,18
3721,161,0,9,18
3695,187,0,10,18
3676,206,0,11,18
3645,237,0,12,18
3600,282,0,13,18
3552,330,0,14,18
3503,379,0,15,18
3460,383,39,16,18
3406,430,46,17,18
3359,468,55,18,18
3308,505,69,19,18
3264,538,80,20,18
3202,578,102,21,18
3136,628,118,22,18
3071,672,139,23,18
2995,726,161,24,18
2936,759,187,25,18
2864,812,206,26,18
2803,842,237,27,18
2745,855,282,28,18
2682,870,330,29,18
2632,871,379,30,18
2572,888,422,31,18
2513,893,476,32,18
2464,895,523,33,18
2409,899,574,34,18
2356,908,618,35,18
2311,891,680,36,18
2267,869,746,37,18
2220,851,811,38,18
2188,807,887,39,18
2141,795,946,40,18
2100,764,1018,41,18
2077,726,1079,42,18
2053,692,1137,43,18
2026,656,1200,44,18
2006,626,1250,45,18
1977,595,1310,46,18
1953,560,1369,47,18
1933,531,1418,48,18
1910,499,1473,49,18
1895,461,1526,50,18
1891,420,1571,51,18
1888,379,1615,52,18
1881,339,1662,53,18
1876,312,1694,54,18
1876,265,1741,55,18
1876,224,1782,56,18
1875,202,1805,57,18
1873,180,1829,58,18
1872,154,1856,59,18
1871,135,1876,60,18
1871,106,1905,61,18
1871,82,1929,62,18
1870,63,1949,63,18
1869,41,1972,64,18
1869,26,1987,65,18
1869,22,1991,66,18
1869,19,1994,67,18
1869,12,2001,68,18
1869,7,2006,69,18
1869,7,2006,70,18
1869,7,2006,71,18
1869,6,2007,72,18
1869,4,2009,73,18
1869,3,2010,74,18
1869,2,2011,75,18
1869,2,2011,76,18
1869,2,2011,77,18
1869,1,2012,78,18
1869,0,2013,79,18
1869,0,2013,80,18
1869,0,2013,81,18
1869,0,2013,82,18
1869,0,2013,83,18
1869,0,2013,84,18
1869,0,2013,85,18
1869,0,2013,86,18
1869,0,2013,87,18
1869,0,2013,88,18
1869,0,2013,89,18
1869,0,2013,90,18
1869,0,2013,91,18
1869,0,2013,92,18
1869,0,2013,93,18
1869,0,2013,94,18
1869,0,2013,95,18
1869,0,2013,96,18
1869,0,2013,97,18
1869,0,2013,98,18
1869,0,2013,99,18
1869,0,2013,100,18
1869,0,2013,101,18
1869,0,2013,102,18
1869,0,2013,103,18
1869,0,2013,104,18
1869,0,2013,105,18
1869,0,2013,106,18
1869,0,2013,107,18
1869,0,2013,108,18
1869,0,2013,109,18
1869,0,2013,110,18
1869,0,2013,111,18
1869,0,2013,112,18
1869,0,2013,113,18
1869,0,2013,114,18
1869,0,2013,115,18
1869,0,2013,116,18
1869,0,2013,117,18
1869,0,2013,118,18
1869,0,2013,119,18
1869,0,2013,120,18
1869,0,2013,121,18
1869,0,2013,122,18
1869,0,2013,123,18
1869,0,2013,124,18
1869,0,2013,125,18
1869,0,2013,126,18
1869,0,2013,127,18
1869,0,2013,128,18
1869,0,2013,129,18
1869,0,2013,130,18
1869,0,2013,131,18
1869,0,2013,132,18
1869,0,2013,133,18
1869,0,2013,134,18
1869,0,2013,135,18
1869,0,2013,136,18
1869,0,2013,137,18
1869,0,2013,138,18
1869,0,2013,139,18
1869,0,2013,140,18
1869,0,2013,141,18
1869,0,2013,142,18
1869,0,2013,143,18
1869,0,2013,144,18
1869,0,2013,145,18
1869,0,2013,146,18
1869,0,2013,147,18
1869,0,2013,148,18
1869,0,2013,149,18
1869,0,2013,150,18
1869,0,2013,151,18
4062,39,0,0,19
4062,39,0,1,19
4053,48,0,2,19
4031,70,0,3,19
4008,93,0,4,19
3980,121,0,5,19
3952,149,0,6,19
3928,173,0,7,19
3902,199,0,8,19
3877,224,0,9,19
3841,260,0,10,19
3805,296,0,11,19
3774,327,0,12,19
3733,368,0,13,19
3690,411,0,14,19
3649,452,0,15,19
3611,451,39,16,19
3553,500,48,17,19
3514,517,70,18,19
3462,546,93,19,19
3406,574,121,20,19
3351,601,149,21,19
3291,637,173,22,19
3235,667,199,23,19
3169,708,224,24,19
3116,725,260,25,19
3059,746,296,26,19
2996,778,327,27,19
2944,789,368,28,19
2888,802,411,29,19
2840,809,452,30,19
2780,831,490,31,19
2727,826,548,32,19
2673,841,587,33,19
2634,828,639,34,19
2594,812,695,35,19
2556,795,750,36,19
2510,781,810,37,19
2468,767,866,38,19
2442,727,932,39,19
2409,707,985,40,19
2383,676,1042,41,19
2347,649,1105,42,19
2320,624,1157,43,19
2298,590,1213,44,19
2267,573,1261,45,19
2237,543,1321,46,19
2214,513,1374,47,19
2192,481,1428,48,19
2172,462,1467,49,19
2152,442,1507,50,19
2145,411,1545,51,19
2138,372,1591,52,19
2136,332,1633,53,19
2132,310,1659,54,19
2129,280,1692,55,19
2125,258,1718,56,19
2124,223,1754,57,19
2120,200,1781,58,19
2119,179,1803,59,19
2117,150,1834,60,19
2117,120,1864,61,19
2116,98,1887,62,19
2115,77,1909,63,19
2115,57,1929,64,19
2113,39,1949,65,19
2113,32,1956,66,19
2113,25,1963,67,19
2113,23,1965,68,19
2112,20,1969,69,19
2112,17,1972,70,19
2112,13,1976,71,19
2112,12,1977,72,19
2112,8,1981,73,19
2112,7,1982,74,19
2112,5,1984,75,19
2112,5,1984,76,19
2112,4,1985,77,19
2112,3,1986,78,19
2112,3,1986,79,19
2112,1,1988,80,19
2112,1,1988,81,19
2112,1,1988,82,19
2112,1,1988,83,19
2112,0,1989,84,19
2112,0,1989,85,19
2112,0,1989,86,19
2112,0,1989,87,19
2112,0,1989,88,19
2112,0,1989,89,19
2112,0,1989,90,19
2112,0,1989,91,19
2112,0,1989,92,19
2112,0,1989,93,19
2112,0,1989,94,19
2112,0,1989,95,19
2112,0,1989,96,19
2112,0,1989,97,19
2112,0,1989,98,19
2112,0,1989,99,19
2112,0,1989,100,19
2112,0,1989,101,19
2112,0,1989,102,19
2112,0,1989,103,19
2112,0,1989,104,19
2112,0,1989,105,19
2112,0,1989,106,19
2112,0,1989,107,19
2112,0,1989,108,19
2112,0,1989,109,19
2112,0,1989,110,19
2112,0,1989,111,19
2112,0,1989,112,19
2112,0,1989,113,19
2112,0,1989,114,19
2112,0,1989,115,19
2112,0,1989,116,19
2112,0,1989,117,19
2112,0,1989,118,19
2112,0,1989,119,19
2112,0,1989,120,19
2112,0,1989,121,19
2112,0,1989,122,19
2112,0,1989,123,19
2112,0,1989,124,19
2112,0,1989,125,19
2112,0,1989,126,19
2112,0,1989,127,19
2112,0,1989,128,19
2112,0,1989,129,19
2112,0,1989,130,19
2112,0,1989,131,19
2112,0,1989,132,19
2112,0,1989,133,19
2112,0,1989,134,19
2112,0,1989,135,19
2112,0,1989,136,19
2112,0,1989,137,19
2112,0,1989,138,19
2112,0,1989,139,19
2112,0,1989,140,19
2112,0,1989,141,19
2112,0,1989,142,19
2112,0,1989,143,19
2112,0,1989,144,19
2112,0,1989,145,19
2112,0,1989,146,19
2112,0,1989,147,19
2112,0,1989,148,19
2112,0,1989,149,19
2112,0,1989,150,19
2112,0,1989,151,19
4082,41,0,0,20
4082,41,0,1,20
4074,49,0,2,20
4060,63,0,3,20
4044,79,0,4,20
4019,104,0,5,20
3999,124,0,6,20
3986,137,0,7,20
3963,160,0,8,20
3935,188,0,9,20
3902,221,0,10,20
3869,254,0,11,20
3839,284,0,12,20
3791,332,0,13,20
3749,374,0,14,20
3704,419,0,15,20
3663,419,41,16,20
3626,448,49,17,20
3578,482,63,18,20
3544,500,79,19,20
3497,522,104,20,20
3450,549,124,21,20
3397,589,137,22,20
3343,620,160,23,20
3289,646,188,24,20
3229,673,221,25,20
3172,697,254,26,20
3126,713,284,27,20
3063,728,332,28,20
3010,739,374,29,20
2965,739,419,30,20
2910,753,460,31,20
2855,771,497,32,20
2805,773,545,33,20
2758,786,579,34,20
2717,780,626,35,20
2659,791,673,36,20
2622,775,726,37,20
2585,758,780,38,20
2545,744,834,39,20
2504,725,894,40,20
2464,708,951,41,20
2434,692,997,42,20
2397,666,1060,43,20
2367,643,1113,44,20
2343,622,1158,45,20
2320,590,1213,46,20
2295,560,1268,47,20
2269,536,1318,48,20
2247,511,1365,49,20
2224,493,1406,50,20
2219,440,1464,51,20
2210,412,1501,52,20
2203,382,1538,53,20
2199,346,1578,54,20
2193,311,1619,55,20
2190,274,1659,56,20
2188,246,1689,57,20
2186,211,1726,58,20
2185,182,1756,59,20
2182,161,1780,60,20
2181,139,1803,61,20
2181,114,1828,62,20
2180,89,1854,63,20
2179,68,1876,64,20
2178,46,1899,65,20
2178,41,1904,66,20
2177,33,1913,67,20
2176,27,1920,68,20
2176,23,1924,69,20
2176,17,1930,70,20
2176,14,1933,71,20
2175,13,1935,72,20
2175,11,1937,73,20
2175,10,1938,74,20
2175,7,1941,75,20
2175,6,1942,76,20
2175,6,1942,77,20
2173,7,1943,78,20
2173,6,1944,79,20
2173,5,1945,80,20
2173,5,1945,81,20
2173,4,1946,82,20
2173,3,1947,83,20
2173,3,1947,84,20
2173,3,1947,85,20
2173,3,1947,86,20
2173,2,1948,87,20
2173,2,1948,88,20
2173,2,1948,89,20
2173,2,1948,90,20
2173,2,1948,91,20
2173,2,1948,92,20
2173,0,1950,93,20
2173,0,1950,94,20
2173,0,1950,95,20
2173,0,1950,96,20
2173,0,1950,97,20
2173,0,1950,98,20
2173,0,1950,99,20
2173,0,1950,100,20
2173,0,1950,101,20
2173,0,1950,102,20
2173,0,1950,103,20
2173,0,1950,104,20
2173,0,1950,105,20
2173,0,1950,106,20
2173,0,1950,107,20
2173,0,1950,108,20
2173,0,1950,109,20
2173,0,1950,110,20
2173,0,1950,111,20
2173,0,1950,112,20
2173,0,1950,113,20
2173,0,1950,114,20
2173,0,1950,115,20
2173,0,1950,116,20
2173,0,1950,117,20
2173,0,1950,118,20
2173,0,1950,119,20
2173,0,1950,120,20
2173,0,1950,121,20
2173,0,1950,122,20
2173,0,1950,123,20
2173,0,1950,124,20
2173,0,1950,125,20
2173,0,1950,126,20
2173,0,1950,127,20
2173,0,1950,128,20
2173,0,1950,129,20
2173,0,1950,130,20
2173,0,1950,131,20
2173,0,1950,132,20
2173,0,1950,133,20
2173,0,1950,134,20
2173,0,1950,135,20
2173,0,1950,136,20
2173,0,1950,137,20
2173,0,1950,138,20
2173,0,1950,139,20
2173,0,1950,140,20
2173,0,1950,141,20
2173,0,1950,142,20
2173,0,1950,143,20
2173,0,1950,144,20
2173,0,1950,145,20
2173,0,1950,146,20
2173,0,1950,147,20
2173,0,1950,148,20
2173,0,1950,149,20
2173,0,1950,150,20
2173,0,1950,151,20
